id,市区町村,都道府県,面積(km2),経度,緯度
1001,稚内市,北海道,760.32,141.82838,45.3326
1002,Toyotomi,北海道,519.65,141.79186,45.14578
1003,宗谷郡猿払村,北海道,588.56,142.1128,45.22547
1004,枝幸郡浜頓別町,北海道,399.3,142.30837,45.07584
1005,天塩郡幌延町,北海道,573.65,141.95199,45.00137
1006,枝幸郡中頓別町,北海道,397.82,142.27787,44.91349
1007,中川郡中川町,北海道,593.45,142.09337,44.69029
1008,天塩郡天塩町,北海道,352.79,141.8616,44.8795
1009,Embetsu,北海道,589.25,141.93341,44.62025
1010,苫前郡初山別村,北海道,279.25,141.84055,44.50667
1011,雨竜郡幌加内町,北海道,765.67,142.15441,44.2309
1012,Haboro,北海道,471.88,141.8953,44.33335
1013,中川郡美深町,北海道,670.16,142.3961,44.54033
1014,中川郡音威子府村,北海道,274.97,142.24735,44.71471
1015,Esashi,北海道,1115.41,142.54287,44.77444
1016,紋別郡雄武町,北海道,635.56,142.83215,44.53653
1017,名寄市,北海道,534.23,142.45933,44.33949
1018,Shibetsu,北海道,1117.19,142.54052,44.11521
1019,上川郡和寒町,北海道,224.56,142.37435,44.01052
1020,Kembuchi,北海道,130.62,142.34143,44.10355
1021,上川郡比布町,北海道,86.72,142.48505,43.91865
1022,上川郡愛別町,北海道,249.79,142.63556,43.94297
1023,上川郡上川町,北海道,1047.7,142.92789,43.75101
1024,上川郡下川町,北海道,643.04,142.71664,44.31357
1025,紋別郡西興部村,北海道,307.24,142.9241,44.32058
1026,紋別郡興部町,北海道,361.95,143.0913,44.3968
1027,Takinoue,北海道,765.24,143.01256,44.10353
1028,Mombetsu,北海道,834.75,143.29309,44.20329
1029,Engaru,北海道,1332.93,143.31121,43.9072
1030,紋別郡湧別町,北海道,496.79,143.60777,44.12756
1031,常呂郡佐呂間町,北海道,403.99,143.78418,44.02426
1032,北見市,北海道,1424.02,143.71525,43.85169
1033,河東郡上士幌町,北海道,695.47,143.1933,43.38502
1034,Tohma,北海道,204.42,142.59415,43.81922
1035,上川郡鷹栖町,北海道,139.39,142.3366,43.88921
1036,Aashikawa,北海道,745.85,142.37012,43.75786
1037,上川郡東川町,北海道,246.52,142.68498,43.67291
1038,上川郡美瑛町,北海道,675.7,142.6119,43.55801
1039,上川郡新得町,北海道,1061.82,142.86374,43.31747
1040,上川郡東神楽町,北海道,68.44,142.4911,43.67417
1041,芦別市,北海道,863.56,142.20163,43.42548
1042,空知郡中富良野町,北海道,108.32,142.42911,43.40269
1043,空知郡上富良野町,北海道,236.65,142.52698,43.45393
1044,空知郡南富良野町,北海道,664.08,142.56108,43.16703
1045,富良野市,北海道,599.55,142.47357,43.28184
1046,上川郡清水町,北海道,401.75,142.88295,42.96767
1047,河東郡鹿追町,北海道,403.36,143.03472,43.21463
1048,沙流郡日高町,北海道,990.9,142.59507,42.87184
1049,Biratori,北海道,741.98,142.36107,42.70316
1050,河西郡芽室町,北海道,513.0,142.96035,42.85767
1051,常呂郡置戸町,北海道,526.84,143.45517,43.63215
1052,常呂郡訓子府町,北海道,190.43,143.73234,43.70091
1053,網走郡津別町,北海道,715.33,144.00287,43.60755
1054,網走郡美幌町,北海道,437.48,144.13268,43.75463
1055,網走郡大空町,北海道,342.82,144.2478,43.83941
1056,網走市,北海道,470.97,144.21054,43.98567
1057,斜里郡小清水町,北海道,286.36,144.45688,43.81431
1058,足寄郡陸別町,北海道,607.74,143.68756,43.51239
1059,足寄郡足寄町,北海道,1405.41,143.58679,43.3748
1060,苫前郡苫前町,北海道,453.55,141.83663,44.20646
1061,Obira,北海道,626.6,141.83949,44.05855
1062,深川市,北海道,528.8,142.09917,43.79336
1063,雨竜郡沼田町,北海道,282.73,141.96253,43.88559
1064,留萌市,北海道,297.04,141.75558,43.88557
1065,川上郡弟子屈町,北海道,772.72,144.3999,43.54723
1066,Kushiro,北海道,1360.83,144.16,43.23255
1067,斜里郡清里町,北海道,402.23,144.59973,43.73302
1068,斜里郡斜里町,北海道,736.14,144.92092,43.97723
1069,標津郡中標津町,北海道,683.32,144.84492,43.58132
1070,士別市,北海道,624.1,144.97098,43.7379
1071,目梨郡羅臼町,北海道,397.51,145.14382,44.0392
1072,Betsukai,北海道,1341.57,145.01427,43.39021
1073,川上郡標茶町,北海道,1097.58,144.56037,43.29362
1074,厚岸郡厚岸町,北海道,709.75,144.80948,43.12535
1075,厚岸郡浜中町,北海道,426.44,145.08859,43.15824
1076,根室市,北海道,445.39,145.46566,43.27454
1077,釧路市,北海道,276.76,144.53915,43.01537
1078,阿寒郡鶴居村,北海道,570.6,144.29544,43.2503
1079,白糠郡白糠町,北海道,772.43,143.9654,43.12642
1080,中川郡本別町,北海道,390.84,143.55333,43.1631
1081,十勝郡浦幌町,北海道,728.37,143.6793,42.91538
1082,河東郡士幌町,北海道,258.37,143.26147,43.16536
1083,中川郡池田町,北海道,371.91,143.46362,42.9893
1084,中川郡豊頃町,北海道,535.8,143.48642,42.74156
1085,河東郡音更町,北海道,465.16,143.20535,43.04259
1086,中川郡幕別町,北海道,477.03,143.31738,42.74897
1087,Taiki,北海道,814.42,143.16754,42.51125
1088,帯広市,北海道,618.14,143.03062,42.75736
1089,勇払郡占冠村,北海道,570.95,142.4756,43.00827
1090,河西郡中札内村,北海道,292.13,142.97201,42.63928
1091,新冠郡新冠町,北海道,584.56,142.48301,42.54476
1092,河西郡更別村,北海道,175.98,143.2039,42.63183
1093,日高郡新ひだか町,北海道,1146.1,142.64023,42.42954
1094,広尾郡広尾町,北海道,595.54,143.20999,42.32776
1095,浦河郡浦河町,北海道,693.26,142.87953,42.28992
1096,様似郡様似町,北海道,363.96,143.05687,42.15789
1097,幌泉郡えりも町,北海道,283.14,143.22176,42.07195
1098,勇払郡むかわ町,北海道,710.8,142.13442,42.75825
1099,夕張市,北海道,761.61,142.1107,43.04335
1100,勇払郡厚真町,北海道,404.63,141.95148,42.73524
1101,夕張郡由仁町,北海道,133.52,141.8625,42.94125
1102,雨竜郡秩父別町,北海道,47.1,141.95878,43.77464
1103,雨竜郡北竜町,北海道,158.26,141.79105,43.76437
1104,雨竜郡妹背牛町,北海道,48.43,141.94462,43.70742
1105,赤平市,北海道,129.28,142.06287,43.56784
1106,滝川市,北海道,115.87,141.95005,43.60838
1107,歌志内市,北海道,55.68,142.03868,43.49373
1108,空知郡上砂川町,北海道,39.84,142.00388,43.44855
1109,空知郡奈井江町,北海道,88.2,141.92493,43.41835
1110,美唄市,北海道,277.42,141.88172,43.33801
1111,三笠市,北海道,302.06,141.99286,43.23985
1112,雨竜郡雨竜町,北海道,191.08,141.75014,43.6948
1113,増毛郡増毛町,北海道,368.89,141.53573,43.78807
1114,樺戸郡新十津川町,北海道,494.37,141.72814,43.59035
1115,砂川市,北海道,78.5,141.93289,43.50341
1116,樺戸郡浦臼町,北海道,101.5,141.78917,43.43859
1117,石狩市,北海道,721.13,141.44283,43.46588
1118,石狩郡当別町,北海道,422.45,141.56272,43.36362
1119,樺戸郡月形町,北海道,149.77,141.67306,43.36975
1120,岩見沢市,北海道,480.57,141.79743,43.18084
1121,石狩郡新篠津村,北海道,77.97,141.61481,43.22436
1122,江別市,北海道,187.26,141.54382,43.10732
1123,空知郡南幌町,北海道,81.13,141.63345,43.05961
1124,夕張郡栗山町,北海道,203.27,141.87092,43.02671
1125,夕張郡長沼町,北海道,168.05,141.69496,42.9894
1126,勇払郡安平町,北海道,236.42,141.83781,42.81356
1127,千歳市,北海道,594.61,141.50954,42.80049
1128,苫小牧市,北海道,561.13,141.57955,42.68213
1129,北広島市,北海道,118.66,141.51496,42.96169
1130,恵庭市,北海道,293.62,141.46425,42.87132
1131,Sapporo,北海道,1119.2,141.24957,42.99472
1132,小樽市,北海道,243.4,141.0263,43.15642
1133,伊達市,北海道,446.35,141.08979,42.69254
1134,白老郡白老町,北海道,425.18,141.24281,42.58775
1135,余市郡赤井川村,北海道,279.72,140.90655,43.05517
1136,虻田郡京極町,北海道,231.48,140.94284,42.88771
1137,虻田郡喜茂別町,北海道,188.36,141.00542,42.79835
1138,有珠郡壮瞥町,北海道,201.55,140.95673,42.57445
1139,登別市,北海道,212.05,141.07586,42.46561
1140,余市郡余市町,北海道,140.18,140.77415,43.17645
1141,余市郡仁木町,北海道,168.14,140.7351,43.09083
1142,古平郡古平町,北海道,188.11,140.60969,43.1881
1143,岩内郡共和町,北海道,304.5,140.62728,42.98826
1144,虻田郡倶知安町,北海道,260.62,140.77966,42.91368
1145,虻田郡真狩村,北海道,114.48,140.79837,42.75762
1146,虻田郡留寿都村,北海道,119.85,140.90031,42.71834
1147,虻田郡洞爺湖町,北海道,180.74,140.83069,42.62568
1148,室蘭市,北海道,80.61,140.98834,42.36663
1149,Tomari,北海道,82.0,140.51551,43.10092
1150,古宇郡神恵内村,北海道,147.29,140.43283,43.19374
1151,積丹郡積丹町,北海道,237.21,140.47774,43.28792
1152,磯谷郡蘭越町,北海道,449.09,140.49128,42.80026
1153,岩内郡岩内町,北海道,70.48,140.47831,42.93736
1154,虻田郡ニセコ町,北海道,196.61,140.67408,42.77981
1155,虻田郡豊浦町,北海道,233.23,140.65284,42.64429
1156,寿都郡黒松内町,北海道,345.16,140.36376,42.66726
1157,Oshamambe,北海道,311.51,140.31202,42.521
1158,島牧郡島牧村,北海道,436.51,140.07064,42.6554
1159,Imakane,北海道,567.12,140.09364,42.44361
1160,二海郡八雲町,北海道,954.11,140.2005,42.18996
1161,久遠郡せたな町,北海道,637.59,139.90191,42.3832
1162,茅部郡森町,北海道,367.89,140.56216,42.0701
1163,檜山郡厚沢部町,北海道,460.21,140.34307,41.92195
1164,爾志郡乙部町,北海道,162.4,140.18322,42.02211
1165,北斗市,北海道,396.94,140.55439,41.86412
1166,亀田郡七飯町,北海道,216.71,140.70028,41.94875
1167,茅部郡鹿部町,北海道,110.57,140.7825,42.02143
1168,函館市,北海道,676.42,140.92595,41.8375
1169,上磯郡木古内町,北海道,221.41,140.41543,41.7277
1170,Kaminokuni,北海道,547.11,140.17339,41.71393
1171,檜山郡江差町,北海道,109.41,140.17727,41.88565
1172,上磯郡知内町,北海道,196.69,140.34204,41.60311
1173,松前郡福島町,北海道,187.0,140.24966,41.52552
1174,松前郡松前町,北海道,292.28,140.09101,41.51606
1175,奥尻郡奥尻町,北海道,142.36,139.47326,42.15546
1176,利尻郡利尻町,北海道,76.11,141.19609,45.16179
1177,利尻郡利尻富士町,北海道,105.48,141.25467,45.18878
1178,礼文郡礼文町,北海道,80.85,141.02596,45.37493
2001,Suttu,青森県,94.75,140.29931,42.79089
2002,Ooma,青森県,51.68,140.92762,41.47598
2003,下北郡風間浦村,青森県,69.32,141.01422,41.46391
2004,むつ市,青森県,861.56,141.03328,41.29092
2005,下北郡佐井村,青森県,135.13,140.85512,41.35255
2006,下北郡東通村,青森県,295.34,141.35177,41.27828
2007,上北郡横浜町,青森県,126.42,141.28493,41.06712
2008,Rokkasho,青森県,252.96,141.33111,40.95695
2009,上北郡野辺地町,青森県,82.29,141.14659,40.88489
2010,上北郡東北町,青森県,325.51,141.23461,40.79555
2011,三沢市,青森県,120.54,141.3813,40.74654
2012,上北郡七戸町,青森県,336.77,141.07881,40.73158
2013,東津軽郡平内町,青森県,216.16,140.95628,40.90757
2014,十和田市,青森県,721.2,141.05791,40.56738
2015,上北郡六戸町,青森県,83.85,141.31539,40.62749
2016,青森市,青森県,823.75,140.75419,40.7701
2017,三戸郡五戸町,青森県,177.5,141.29676,40.50818
2018,上北郡おいらせ町,青森県,71.53,141.40189,40.62629
2019,八戸市,青森県,304.21,141.48102,40.47398
2020,平川市,青森県,345.69,140.70047,40.51839
2021,黒石市,青森県,216.8,140.70451,40.61714
2022,南津軽郡藤崎町,青森県,37.3,140.51641,40.6753
2023,北津軽郡板柳町,青森県,41.64,140.48094,40.71558
2024,五所川原市,青森県,404.0,140.50527,40.85773
2025,Yomogita,青森県,80.86,140.59672,40.99505
2026,北津軽郡中泊町,青森県,215.83,140.45074,41.00133
2027,東津軽郡外ケ浜町,青森県,229.51,140.57426,41.0959
2028,東津軽郡今別町,青森県,125.03,140.51618,41.16029
2029,つがる市,青森県,254.15,140.3495,40.87011
2030,北津軽郡鶴田町,青森県,46.49,140.42129,40.75641
2031,弘前市,青森県,522.89,140.38463,40.60509
2032,西津軽郡鰺ヶ沢町,青森県,342.84,140.18679,40.65159
2033,中津軽郡西目屋村,青森県,246.07,140.23706,40.51091
2034,西津軽郡深浦町,青森県,488.18,140.01834,40.60478
2035,南津軽郡田舎館村,青森県,22.19,140.54151,40.64199
2036,南津軽郡大鰐町,青森県,163.11,140.55142,40.48406
2037,三戸郡新郷村,青森県,150.61,141.10756,40.44734
2038,三戸郡南部町,青森県,152.82,141.34701,40.42206
2039,三戸郡三戸町,青森県,151.79,141.17552,40.37702
2040,Takko,青森県,241.45,141.04992,40.30901
2041,Hashikami,青森県,93.82,141.58411,40.43041
3001,岩手郡岩手町,岩手県,359.95,141.26595,39.95338
3002,釜石市,岩手県,442.0,141.79841,39.28745
3003,二戸市,岩手県,419.95,141.19578,40.23798
3004,,岩手県,69.35,141.86679,40.00262
3005,気仙郡住田町,岩手県,334.57,141.55045,39.18013
3006,紫波郡紫波町,岩手県,238.51,141.15895,39.54845
3007,紫波郡矢巾町,岩手県,67.19,141.12422,39.61147
3008,,岩手県,299.67,141.27911,40.14279
3009,上閉伊郡大槌町,岩手県,200.17,141.814,39.42608
3010,九戸郡軽米町,岩手県,245.76,141.48894,40.30357
3011,九戸郡野田村,岩手県,83.81,141.79521,40.06885
3012,西磐井郡平泉町,岩手県,63.72,141.10399,38.98888
3013,Kanegasaki,岩手県,173.22,141.01803,39.19392
3014,滝沢市,岩手県,182.38,141.07259,39.79035
3015,下閉伊郡山田町,岩手県,262.47,141.90708,39.48437
3016,,岩手県,133.84,141.43353,40.19619
3017,Tanohara,岩手県,155.97,141.87317,39.92472
3018,九戸郡洋野町,岩手県,302.45,141.67126,40.32633
3019,奥州市,岩手県,998.2,141.09478,39.12963
3020,和賀郡西和賀町,岩手県,590.08,140.79069,39.39079
3021,盛岡市,岩手県,885.49,141.2691,39.74546
3022,八幡平市,岩手県,861.29,140.9911,40.02386
3023,下閉伊郡岩泉町,岩手県,988.72,141.6765,39.84874
3024,久慈市,岩手県,622.85,141.65916,40.14363
3025,陸前高田市,岩手県,231.04,141.57683,39.04104
3026,北上市,岩手県,437.46,141.00787,39.30764
3027,遠野市,岩手県,825.4,141.5093,39.36479
3028,岩手郡雫石町,岩手県,608.3,140.91329,39.70388
3029,大船渡市,岩手県,320.49,141.75008,39.10703
3030,,岩手県,434.36,141.43941,40.0067
3031,宮古市,岩手県,1258.06,141.72549,39.62938
3032,花巻市,岩手県,907.94,141.16756,39.44188
3033,一関市,岩手県,1255.96,141.22975,38.94507
4001,東松島市,宮城県,101.4,141.17912,38.41683
4002,角田市,宮城県,147.19,140.77896,37.98831
4003,栗原市,宮城県,804.29,140.94032,38.80897
4004,登米市,宮城県,535.75,141.25738,38.68583
4005,大崎市,宮城県,796.5,140.84657,38.68014
4006,白石市,宮城県,286.42,140.57941,37.99687
4007,Shichikashuku,宮城県,262.56,140.40599,38.01753
4008,刈田郡蔵王町,宮城県,155.36,140.59127,38.10647
4009,気仙沼市,宮城県,332.33,141.53243,38.87645
4010,加美郡加美町,宮城県,460.28,140.69693,38.59418
4011,加美郡色麻町,宮城県,109.31,140.77959,38.52029
4012,Sendai,宮城県,785.79,140.74822,38.30371
4013,柴田郡川崎町,宮城県,266.33,140.59138,38.19861
4014,本吉郡南三陸町,宮城県,163.36,141.45194,38.68475
4015,Taiwa,宮城県,225.14,140.81841,38.43289
4016,黒川郡大衡村,宮城県,60.3,140.87165,38.47985
4017,伊具郡丸森町,宮城県,273.45,140.75532,37.87349
4018,Watari,宮城県,73.55,140.87421,38.04125
4019,亘理郡山元町,宮城県,64.42,140.88558,37.94573
4020,石巻市,宮城県,552.5,141.3666,38.4865
4021,遠田郡涌谷町,宮城県,82.1,141.15384,38.5592
4022,遠田郡美里町,宮城県,75.04,141.09288,38.52025
4023,Onagawa,宮城県,64.41,141.45063,38.44209
4024,宮城郡松島町,宮城県,53.43,141.07571,38.40372
4025,黒川郡大郷町,宮城県,81.87,140.99998,38.43431
4026,宮城郡利府町,宮城県,44.86,140.98631,38.34234
4027,富谷市,宮城県,49.29,140.90135,38.37952
4028,多賀城市,宮城県,19.52,140.99894,38.29529
4029,塩竈市,宮城県,15.76,141.02226,38.32352
4030,宮城郡七ヶ浜町,宮城県,13.19,141.05955,38.29977
4031,柴田郡村田町,宮城県,78.27,140.73004,38.12716
4032,名取市,宮城県,97.95,140.86681,38.16731
4033,柴田郡大河原町,宮城県,25.0,140.71514,38.05205
4034,Shibara,宮城県,54.16,140.78775,38.08563
4035,岩沼市,宮城県,60.97,140.87467,38.10941
5001,山本郡八峰町,秋田県,234.17,140.0684,40.36246
5002,大館市,秋田県,912.23,140.55466,40.29018
5003,鹿角郡小坂町,秋田県,204.7,140.78141,40.4004
5004,鹿角市,秋田県,707.08,140.83033,40.2105
5005,山本郡藤里町,秋田県,281.84,140.25086,40.35944
5006,能代市,秋田県,426.49,140.14476,40.20287
5007,北秋田市,秋田県,1151.67,140.46464,40.05519
5008,北秋田郡上小阿仁村,秋田県,256.76,140.31853,39.96204
5009,Mitane,秋田県,247.92,140.10663,40.07071
5010,Semboku,秋田県,1092.84,140.66858,39.76053
5011,秋田市,秋田県,905.57,140.23203,39.71046
5012,南秋田郡五城目町,秋田県,215.37,140.20611,39.92675
5013,大仙市,秋田県,865.38,140.44129,39.53713
5014,南秋田郡八郎潟町,秋田県,18.36,140.08048,39.9594
5015,南秋田郡大潟村,秋田県,169.42,140.00189,40.00159
5016,男鹿市,秋田県,244.44,139.83647,39.93793
5017,潟上市,秋田県,107.67,140.04892,39.87213
5018,南秋田郡井川町,秋田県,55.17,140.1206,39.89537
5019,由利本荘市,秋田県,1208.95,140.16494,39.29348
5020,仙北郡美郷町,秋田県,167.45,140.59592,39.42852
5021,横手市,秋田県,692.87,140.54424,39.28373
5022,雄勝郡羽後町,秋田県,230.52,140.35002,39.1839
5023,湯沢市,秋田県,789.71,140.54259,39.03661
5024,にかほ市,秋田県,240.96,139.97301,39.19682
5025,雄勝郡東成瀬村,秋田県,203.65,140.72772,39.10204
6001,最上郡真室川町,山形県,373.73,140.24361,38.95615
6002,酒田市,山形県,601.88,139.98616,38.92361
6003,Yuza,山形県,208.06,139.95152,39.05838
6004,Kaneyama,山形県,161.57,140.37169,38.90284
6005,新庄市,山形県,222.78,140.33994,38.78822
6006,Mogami,山形県,330.15,140.52691,38.76806
6007,Sakegawa,山形県,122.3,140.19697,38.82614
6008,最上郡戸沢村,山形県,261.58,140.12203,38.71926
6009,東田川郡庄内町,山形県,249.2,140.00114,38.70529
6010,東田川郡三川町,山形県,33.01,139.85026,38.79516
6011,鶴岡市,山形県,1312.88,139.8084,38.58513
6012,尾花沢市,山形県,372.15,140.47681,38.59355
6013,最上郡舟形町,山形県,119.04,140.32571,38.67967
6014,Ohkura,山形県,210.88,140.17184,38.59391
6015,北村山郡大石田町,山形県,79.57,140.33606,38.59766
6016,村山市,山形県,196.97,140.33516,38.51668
6017,西村山郡西川町,山形県,392.58,140.0235,38.4249
6018,寒河江市,山形県,139.11,140.23165,38.43423
6019,東根市,山形県,206.78,140.46663,38.42551
6020,西村山郡河北町,山形県,52.46,140.30107,38.43019
6021,西村山郡大江町,山形県,153.82,140.08481,38.3546
6022,西村山郡朝日町,山形県,196.32,140.06532,38.28049
6023,Oguni,山形県,737.72,139.77481,38.04073
6024,天童市,山形県,112.81,140.39653,38.35805
6025,東村山郡中山町,山形県,31.28,140.25993,38.33103
6026,Yamanobe,山形県,61.49,140.21498,38.2802
6027,長井市,山形県,214.61,139.98173,38.13748
6028,西置賜郡白鷹町,山形県,157.89,140.08258,38.20055
6029,山形市,山形県,382.03,140.36897,38.24614
6030,西置賜郡飯豊町,山形県,329.62,139.89721,37.93833
6031,南陽市,山形県,160.28,140.15607,38.10322
6032,東置賜郡川西町,山形県,166.47,140.02369,37.97175
6033,米沢市,山形県,547.59,140.11647,37.84726
6034,Kaminoyama,山形県,241.35,140.3056,38.1258
6035,東置賜郡高畠町,山形県,180.32,140.21593,37.99042
7001,喜多方市,福島県,554.12,139.84381,37.703
7002,福島市,福島県,767.78,140.38848,37.78646
7003,耶麻郡北塩原村,福島県,234.02,140.04835,37.68976
7004,耶麻郡猪苗代町,福島県,394.76,140.15603,37.59455
7005,耶麻郡西会津町,福島県,298.43,139.64795,37.63558
7006,河沼郡会津坂下町,福島県,91.71,139.80076,37.56871
7007,Yugawa,福島県,16.29,139.88231,37.56735
7008,会津若松市,福島県,379.91,139.96824,37.45066
7009,耶麻郡磐梯町,福島県,60.1,140.00562,37.57826
7010,Yanaizu,福島県,175.88,139.70879,37.45663
7011,Kaneyama,福島県,294.03,139.48691,37.43354
7012,二本松市,福島県,344.21,140.49533,37.58397
7013,Koriyama,福島県,756.2,140.29514,37.41275
7014,Koori,福島県,42.87,140.50596,37.85876
7015,伊達市,福島県,264.88,140.61434,37.79952
7016,伊達郡川俣町,福島県,127.91,140.62843,37.64373
7017,伊達郡国見町,福島県,37.97,140.55115,37.88873
7018,相馬市,福島県,191.01,140.87296,37.7819
7019,相馬郡新地町,福島県,46.19,140.90042,37.86703
7020,相馬郡飯舘村,福島県,229.67,140.74829,37.67815
7021,南相馬市,福島県,398.43,140.92852,37.63115
7022,双葉郡浪江町,福島県,223.32,140.86442,37.51697
7023,大沼郡三島町,福島県,90.62,139.63802,37.44183
7024,大沼郡昭和村,福島県,209.3,139.63671,37.309
7025,大沼郡会津美里町,福島県,278.11,139.81325,37.4086
7026,南会津郡下郷町,福島県,317.55,139.87966,37.2566
7027,岩瀬郡天栄村,福島県,225.45,140.08773,37.26137
7028,南会津郡南会津町,福島県,886.44,139.60617,37.13674
7029,南会津郡只見町,福島県,747.4,139.3478,37.29148
7030,Hinoemata,福島県,389.78,139.33248,37.03235
7031,Nishigo,福島県,191.97,140.09354,37.16589
7032,双葉郡葛尾村,福島県,84.28,140.77707,37.50901
7033,田村市,福島県,457.92,140.67155,37.42359
7034,双葉郡大熊町,福島県,78.92,140.94837,37.40116
7035,双葉郡双葉町,福島県,51.35,140.97609,37.44359
7036,双葉郡川内村,福島県,197.27,140.81032,37.33224
7037,双葉郡富岡町,福島県,68.37,140.97433,37.34924
7038,双葉郡楢葉町,福島県,103.59,140.94909,37.28169
7039,いわき市,福島県,1231.78,140.78599,37.07762
7040,Hirono,福島県,58.77,140.9524,37.21991
7041,安達郡大玉村,福島県,79.47,140.33452,37.55841
7042,本宮市,福島県,87.86,140.41866,37.50471
7043,田村郡三春町,福島県,72.95,140.49631,37.4408
7044,須賀川市,福島県,279.15,140.317,37.29339
7045,田村郡小野町,福島県,125.1,140.61245,37.28641
7046,石川郡平田村,福島県,93.25,140.55728,37.21108
7047,岩瀬郡鏡石町,福島県,31.29,140.35161,37.24463
7048,Tamakawa,福島県,46.62,140.44993,37.21662
7049,白河市,福島県,305.68,140.24965,37.1223
7050,西白河郡矢吹町,福島県,60.24,140.34696,37.19385
7051,石川郡石川町,福島県,115.69,140.4613,37.14563
7052,石川郡古殿町,福島県,163.51,140.58355,37.08997
7053,Izumizaki,福島県,35.23,140.29501,37.15852
7054,西白河郡中島村,福島県,18.82,140.36535,37.14842
7055,石川郡浅川町,福島県,37.46,140.42579,37.08122
7056,Samegawa,福島県,131.15,140.51058,37.01241
7057,Tanagura,福島県,159.9,140.34308,37.00243
7058,東白川郡塙町,福島県,210.92,140.45881,36.92643
7059,東白川郡矢祭町,福島県,118.34,140.42873,36.86323
8001,かすみがうら市,茨城県,158.66,140.30205,36.10933
8002,つくばみらい市,茨城県,79.1,140.03812,35.98189
8003,つくば市,茨城県,283.78,140.0817,36.10528
8004,ひたちなか市,茨城県,99.43,140.55816,36.39618
8005,Shimotsuma,茨城県,81.13,139.96651,36.18752
8006,猿島郡五霞町,茨城県,22.9,139.74845,36.10789
8007,結城郡八千代町,茨城県,58.87,139.89375,36.17836
8008,北相馬郡利根町,茨城県,24.99,140.16802,35.86612
8009,北茨城市,茨城県,186.17,140.68745,36.83978
8010,取手市,茨城県,69.69,140.08015,35.91282
8011,古河市,茨城県,123.74,139.77545,36.1797
8012,土浦市,茨城県,123.97,140.19518,36.09797
8013,坂東市,茨城県,122.73,139.8879,36.06389
8014,東茨城郡城里町,茨城県,161.81,140.30941,36.47983
8015,猿島郡境町,茨城県,46.71,139.81074,36.11028
8016,Daigo,茨城県,325.57,140.34563,36.79804
8017,東茨城郡大洗町,茨城県,23.76,140.55441,36.2972
8018,守谷市,茨城県,35.76,139.97541,35.94799
8019,小美玉市,茨城県,144.33,140.35982,36.20403
8020,常総市,茨城県,123.55,139.96389,36.06408
8021,常陸大宮市,茨城県,348.53,140.33984,36.61379
8022,常陸太田市,茨城県,372.21,140.50539,36.64833
8023,日立市,茨城県,225.83,140.6189,36.62497
8024,那珂郡東海村,茨城県,37.72,140.58068,36.46076
8025,桜川市,茨城県,179.79,140.10799,36.32758
8026,水戸市,茨城県,217.08,140.4357,36.37047
8027,Kawachi,茨城県,43.96,140.27964,35.88277
8028,潮来市,茨城県,72.01,140.56207,35.96095
8029,牛久市,茨城県,58.9,140.18593,35.97159
8030,石岡市,茨城県,215.98,140.21796,36.22768
8031,神栖市,茨城県,147.54,140.71245,35.84984
8032,稲敷市,茨城県,194.29,140.36903,35.94558
8033,笠間市,茨城県,240.38,140.26933,36.35653
8034,筑西市,茨城県,205.08,139.98697,36.28945
8035,結城市,茨城県,65.72,139.8641,36.26129
8036,Miho,茨城県,82.64,140.34505,36.01882
8037,東茨城郡茨城町,茨城県,121.68,140.43391,36.28046
8038,Namekata,茨城県,217.71,140.47171,36.06527
8039,那珂市,茨城県,98.11,140.47586,36.46828
8040,鉾田市,茨城県,208.59,140.52001,36.17335
8041,稲敷郡阿見町,茨城県,70.54,140.22504,36.01369
8042,高萩市,茨城県,193.92,140.62098,36.76921
8043,鹿嶋市,茨城県,103.69,140.62234,36.00012
8044,龍ヶ崎市,茨城県,78.62,140.18526,35.92252
9001,小山市,栃木県,171.97,139.80192,36.30805
9002,下野市,栃木県,74.54,139.8612,36.40199
9003,真岡市,栃木県,167.58,139.99683,36.42488
9004,河内郡上三川町,栃木県,54.45,139.91061,36.44553
9005,塩谷郡高根沢町,栃木県,70.74,140.01689,36.6302
9006,日光市,栃木県,1449.66,139.58121,36.81881
9007,那須塩原市,栃木県,592.89,139.91039,36.99085
9008,那須郡那須町,栃木県,372.14,140.09257,37.04283
9009,さくら市,栃木県,125.44,140.00304,36.72367
9010,宇都宮市,栃木県,417.08,139.88667,36.59687
9011,芳賀郡益子町,栃木県,89.56,140.10995,36.46043
9012,塩谷郡塩谷町,栃木県,175.47,139.81509,36.79651
9013,佐野市,栃木県,355.66,139.53549,36.42388
9014,芳賀郡市貝町,栃木県,64.22,140.10431,36.55893
9015,鹿沼市,栃木県,490.12,139.64147,36.5755
9016,下都賀郡壬生町,栃木県,61.08,139.80494,36.45755
9017,足利市,栃木県,177.61,139.45305,36.35935
9018,大田原市,栃木県,354.1,140.1192,36.86138
9019,栃木市,栃木県,331.24,139.68944,36.37306
9020,那須郡那珂川町,栃木県,192.83,140.18345,36.75419
9021,那須烏山市,栃木県,173.89,140.13405,36.66273
9022,芳賀郡芳賀町,栃木県,70.04,140.04077,36.55229
9023,芳賀郡茂木町,栃木県,172.35,140.18995,36.52175
9024,下都賀郡野木町,栃木県,30.26,139.73778,36.22887
9025,矢板市,栃木県,170.55,139.89814,36.8273
10001,邑楽郡邑楽町,群馬県,31.22,139.46119,36.25515
10002,Kamikawa,群馬県,47.58,139.05756,36.16072
10003,邑楽郡明和町,群馬県,19.69,139.5344,36.20691
10004,みどり市,群馬県,208.54,139.34732,36.53038
10005,桐生市,群馬県,274.59,139.24805,36.51518
10006,伊勢崎市,群馬県,139.46,139.21823,36.3212
10007,佐波郡玉村町,群馬県,25.83,139.12608,36.30226
10008,藤岡市,群馬県,180.14,138.99911,36.19212
10009,高崎市,群馬県,458.41,138.89918,36.3769
10010,多野郡上野村,群馬県,181.86,138.72004,36.06528
10011,多野郡神流町,群馬県,114.54,138.86559,36.11174
10012,太田市,群馬県,175.33,139.33943,36.30652
10013,安中市,群馬県,276.37,138.77643,36.34075
10014,Shimonita Town,群馬県,188.19,138.72277,36.22702
10015,渋川市,群馬県,239.81,139.01441,36.52919
10016,前橋市,群馬県,311.61,139.12756,36.43226
10017,沼田市,群馬県,507.73,139.17307,36.66611
10018,富岡市,群馬県,123.1,138.84608,36.25843
10019,吾妻郡草津町,群馬県,53.26,138.5714,36.61936
10020,館林市,群馬県,60.89,139.53535,36.24604
10021,邑楽郡板倉町,群馬県,42.05,139.62004,36.22881
10022,利根郡片品村,群馬県,391.58,139.26075,36.84168
10023,吾妻郡嬬恋村,群馬県,334.12,138.4935,36.51503
10024,吾妻郡長野原町,群馬県,133.75,138.62606,36.50505
10025,吾妻郡中之条町,群馬県,438.97,138.72199,36.65449
10026,吾妻郡東吾妻町,群馬県,253.59,138.78516,36.5264
10027,Takayama,群馬県,64.14,138.94178,36.62192
10028,北群馬郡吉岡町,群馬県,20.55,138.9986,36.44971
10029,北群馬郡榛東村,群馬県,28.88,138.95382,36.44458
10030,甘楽郡南牧村,群馬県,118.62,138.68561,36.16171
10031,甘楽郡甘楽町,群馬県,58.27,138.90329,36.20995
10032,利根郡みなかみ町,群馬県,780.64,139.00494,36.83235
10033,利根郡川場村,群馬県,85.11,139.12931,36.73098
10034,邑楽郡千代田町,群馬県,21.76,139.45016,36.21307
10035,邑楽郡大泉町,群馬県,17.92,139.40699,36.24974
11001,秩父市,埼玉県,577.39,138.93349,35.95967
11002,,埼玉県,171.45,138.92911,36.02158
11003,Saitama,埼玉県,217.63,139.65476,35.90766
11004,,埼玉県,49.46,139.12902,35.96886
11005,飯能市,埼玉県,192.7,139.22023,35.88817
11006,入間市,埼玉県,44.95,139.3674,35.81799
11007,所沢市,埼玉県,71.99,139.45789,35.79936
11008,新座市,埼玉県,22.72,139.55965,35.78938
11009,日高市,埼玉県,47.39,139.33918,35.89651
11010,,埼玉県,34.06,139.30741,35.935
11011,狭山市,埼玉県,49.01,139.42075,35.8588
11012,,埼玉県,40.63,139.26619,35.96066
11013,和光市,埼玉県,11.01,139.61972,35.78931
11014,戸田市,埼玉県,18.28,139.6571,35.81468
11015,朝霞市,埼玉県,18.31,139.59727,35.80918
11016,蕨市,埼玉県,4.99,139.68609,35.82429
11017,三郷市,埼玉県,29.96,139.87196,35.83225
11018,八潮市,埼玉県,18.18,139.83937,35.81954
11019,川口市,埼玉県,61.92,139.73308,35.83326
11020,草加市,埼玉県,27.37,139.80226,35.83868
11021,吉川市,埼玉県,31.85,139.86084,35.89524
11022,春日部市,埼玉県,66.09,139.77567,35.98262
11023,,埼玉県,16.29,139.82551,35.93662
11024,越谷市,埼玉県,59.93,139.79014,35.90095
11025,加須市,埼玉県,133.78,139.62008,36.13669
11026,久喜市,埼玉県,82.03,139.64938,36.07706
11027,入間郡三芳町,埼玉県,15.35,139.51585,35.83279
11028,,埼玉県,15.94,139.71624,36.02289
11029,幸手市,埼玉県,33.9,139.74011,36.07079
11030,,埼玉県,29.93,139.75464,36.03402
11031,羽生市,埼玉県,58.34,139.55303,36.17239
11032,ふじみ野市,埼玉県,14.71,139.51526,35.86497
11033,富士見市,埼玉県,19.64,139.55448,35.85454
11034,川越市,埼玉県,109.13,139.47907,35.91138
11035,志木市,埼玉県,9.08,139.58334,35.83676
11036,鶴ヶ島市,埼玉県,17.63,139.39439,35.93578
11037,上尾市,埼玉県,45.24,139.5815,35.97047
11038,,埼玉県,14.81,139.61998,35.99779
11039,比企郡吉見町,埼玉県,38.72,139.45544,36.04423
11040,Sakado,埼玉県,40.88,139.40047,35.96362
11041,,埼玉県,41.57,139.48422,35.98382
11042,東松山市,埼玉県,65.53,139.39159,36.03194
11043,桶川市,埼玉県,25.48,139.55001,36.003
11044,蓮田市,埼玉県,27.31,139.64964,36.00151
11045,行田市,埼玉県,67.48,139.46995,36.14796
11046,鴻巣市,埼玉県,67.14,139.50338,36.07891
11047,,埼玉県,55.82,139.24113,35.99888
11048,,埼玉県,30.02,139.31474,36.05622
11049,,埼玉県,29.73,139.35575,36.07021
11050,熊谷市,埼玉県,159.94,139.3725,36.16025
11051,,埼玉県,25.7,139.33394,35.98777
11052,Kamisato,埼玉県,29.26,139.13498,36.2507
11053,,埼玉県,63.93,139.20276,36.11119
11054,,埼玉県,60.4,139.24871,36.05483
11055,本庄市,埼玉県,89.91,139.14624,36.19926
11056,,埼玉県,36.82,139.18232,36.04614
11057,,埼玉県,63.72,139.09101,36.07846
11058,,埼玉県,33.23,139.17376,36.17154
11059,,埼玉県,30.41,139.11699,36.11764
11060,,埼玉県,0.17,139.54425,35.93499
11061,白岡市,埼玉県,25.07,139.66755,36.02417
11062,北本市,埼玉県,19.78,139.53048,36.0262
11063,深谷市,埼玉県,138.77,139.26562,36.18078
12001,いすみ市,千葉県,157.6,140.34338,35.27779
12002,長生郡一宮町,千葉県,23.23,140.37111,35.36145
12003,山武郡九十九里町,千葉県,24.46,140.43423,35.53333
12004,佐倉市,千葉県,103.39,140.21308,35.70621
12005,八千代市,千葉県,51.39,140.10502,35.73925
12006,八街市,千葉県,75.43,140.29692,35.64259
12007,勝浦市,千葉県,94.17,140.26762,35.17512
12008,匝瑳市,千葉県,101.7,140.55372,35.69984
12009,南房総市,千葉県,230.29,139.92851,35.03668
12010,印西市,千葉県,123.81,140.18031,35.79806
12011,君津市,千葉県,318.76,140.0242,35.26295
12012,四街道市,千葉県,34.79,140.17899,35.67177
12013,香取郡多古町,千葉県,72.93,140.47103,35.7571
12014,夷隅郡大多喜町,千葉県,129.92,140.21388,35.24312
12015,大網白里市,千葉県,58.16,140.34316,35.51262
12016,富津市,千葉県,206.0,139.90055,35.22594
12017,富里市,千葉県,53.87,140.34077,35.72029
12018,Sanmu,千葉県,146.76,140.4212,35.62386
12019,市原市,千葉県,367.62,140.13721,35.42481
12020,市川市,千葉県,57.05,139.93293,35.71892
12021,夷隅郡御宿町,千葉県,24.85,140.34068,35.19647
12022,成田市,千葉県,214.05,140.35757,35.81538
12023,我孫子市,千葉県,43.27,140.06489,35.86947
12024,?????,千葉県,0.11,139.96436,35.67153
12025,旭市,千葉県,130.16,140.65573,35.73419
12026,木更津市,千葉県,138.93,139.9875,35.36984
12027,香取郡東庄町,千葉県,45.96,140.67299,35.81354
12028,東金市,千葉県,89.23,140.36695,35.5652
12029,松戸市,千葉県,61.38,139.92894,35.79567
12030,柏市,千葉県,115.17,139.99386,35.86007
12031,印旛郡栄町,千葉県,32.51,140.24307,35.84413
12032,山武郡横芝光町,千葉県,66.93,140.49459,35.66098
12033,流山市,千葉県,35.15,139.914,35.8734
12034,浦安市,千葉県,19.21,139.90149,35.64271
12035,Shiroi,千葉県,35.09,140.06017,35.80164
12036,長生郡白子町,千葉県,27.6,140.37953,35.44992
12037,長生郡睦沢町,千葉県,35.59,140.30207,35.35254
12038,Kozaki,千葉県,19.81,140.4086,35.88606
12039,習志野市,千葉県,20.7,140.03408,35.68085
12040,船橋市,千葉県,86.28,140.01988,35.72678
12041,山武郡芝山町,千葉県,42.88,140.41017,35.7215
12042,茂原市,千葉県,100.21,140.30182,35.44984
12043,袖ヶ浦市,千葉県,94.62,140.01776,35.41642
12044,Shisui,千葉県,19.02,140.27805,35.72909
12045,野田市,千葉県,103.8,139.862,35.98549
12046,銚子市,千葉県,84.1,140.77568,35.74294
12047,安房郡鋸南町,千葉県,45.0,139.87191,35.13258
12048,Kamagaya,千葉県,20.96,139.99848,35.77174
12049,長生郡長南町,千葉県,65.36,140.24306,35.37528
12050,Nagara,千葉県,47.0,140.21349,35.44591
12051,長生郡長生村,千葉県,28.24,140.35812,35.40696
12052,館山市,千葉県,110.56,139.86158,34.97158
12053,香取市,千葉県,262.25,140.54007,35.85337
12054,鴨川市,千葉県,191.06,140.0779,35.12986
12055,Chiba,千葉県,271.7,140.167,35.60349
13001,杉並区,東京都,34.26,139.62546,35.69669
13002,中野区,東京都,15.49,139.66238,35.71101
13003,新宿区,東京都,18.5,139.70881,35.70119
13004,文京区,東京都,11.36,139.74734,35.71728
13005,台東区,東京都,10.01,139.78587,35.7154
13006,墨田区,東京都,13.8,139.81564,35.71218
13007,中央区,東京都,10.71,139.77697,35.67001
13008,目黒区,東京都,14.63,139.68836,35.62981
13009,大田区,東京都,62.17,139.73342,35.56672
13010,世田谷区,東京都,57.68,139.63512,35.63981
13011,狛江市,東京都,6.44,139.57729,35.63466
13012,渋谷区,東京都,14.92,139.69613,35.66786
13013,Toshima,東京都,13.16,139.71184,35.73183
13014,北区,東京都,20.51,139.72899,35.76603
13015,荒川区,東京都,10.44,139.78152,35.74
13016,板橋区,東京都,32.13,139.67635,35.77268
13017,練馬区,東京都,48.06,139.61765,35.74788
13018,足立区,東京都,53.07,139.79511,35.77894
13019,港区,東京都,21.14,139.73842,35.65227
13020,葛飾区,東京都,34.77,139.85563,35.75333
13021,千代田区,東京都,11.23,139.75465,35.68752
13022,江戸川区,東京都,49.02,139.87547,35.69236
13023,立川市,東京都,24.25,139.40439,35.71455
13024,武蔵野市,東京都,10.98,139.56159,35.70816
13025,三鷹市,東京都,16.59,139.56036,35.68464
13026,青梅市,東京都,103.29,139.24179,35.80362
13027,江東区,東京都,47.07,139.81616,35.66515
13028,品川区,東京都,23.59,139.73336,35.60952
13029,大島町,東京都,90.63,139.39881,34.73748
13030,Toshima,東京都,4.01,139.27932,34.52252
13031,新島村,東京都,27.06,139.26679,34.37699
13032,神津島村,東京都,18.42,139.14775,34.21435
13033,Mikurajima,東京都,20.48,139.60322,33.87483
13034,三宅村,東京都,55.39,139.52115,34.0849
13035,稲城市,東京都,17.82,139.49289,35.63267
13036,小笠原村,東京都,100.62,142.20934,27.07029
13037,町田市,東京都,71.72,139.42999,35.57619
13038,西多摩郡奥多摩町,東京都,225.53,139.05548,35.82265
13039,あきる野市,東京都,72.96,139.22511,35.7329
13040,西多摩郡日の出町,東京都,28.1,139.22655,35.75859
13041,Hinohara,東京都,105.54,139.10456,35.72507
13042,羽村市,東京都,9.85,139.31537,35.76398
13043,八王子市,東京都,186.35,139.28754,35.65994
13044,Akishima,東京都,17.27,139.36422,35.70787
13045,武蔵村山市,東京都,15.17,139.3839,35.75033
13046,西多摩郡瑞穂町,東京都,16.91,139.34942,35.77409
13047,福生市,東京都,10.39,139.33614,35.73578
13048,多摩市,東京都,21.14,139.43978,35.63056
13049,日野市,東京都,27.39,139.39866,35.66331
13050,国分寺市,東京都,11.44,139.46125,35.70554
13051,Kunitachi,東京都,8.39,139.43872,35.68643
13052,小平市,東京都,20.44,139.48134,35.72734
13053,東大和市,東京都,13.35,139.42657,35.75033
13054,東村山市,東京都,17.13,139.47249,35.75919
13055,小金井市,東京都,11.31,139.51104,35.70127
13056,府中市,東京都,29.62,139.48325,35.67036
13057,東久留米市,東京都,13.07,139.5198,35.75376
13058,清瀬市,東京都,10.15,139.52227,35.78147
13059,西東京市,東京都,15.66,139.54625,35.73483
13060,調布市,東京都,21.52,139.55223,35.65748
13061,八丈町,東京都,72.42,139.79788,33.10638
13062,青ヶ島村,東京都,5.88,139.76643,32.45738
14001,三浦市,神奈川県,31.48,139.64152,35.16826
14002,足柄上郡中井町,神奈川県,19.89,139.21535,35.33608
14003,中郡二宮町,神奈川県,9.06,139.24972,35.30772
14004,伊勢原市,神奈川県,55.64,139.29193,35.41014
14005,南足柄市,神奈川県,77.18,139.07023,35.30994
14006,厚木市,神奈川県,93.74,139.32704,35.46519
14007,足柄上郡大井町,神奈川県,14.3,139.16554,35.33503
14008,大和市,神奈川県,27.11,139.45642,35.47371
14009,中郡大磯町,神奈川県,17.25,139.2887,35.31671
14010,高座郡寒川町,神奈川県,13.25,139.38557,35.37569
14011,小田原市,神奈川県,113.71,139.14406,35.26292
14012,Yamakita,神奈川県,224.54,139.04547,35.4248
14013,平塚市,神奈川県,67.87,139.32007,35.35098
14014,座間市,神奈川県,17.54,139.40909,35.48749
14015,愛甲郡愛川町,神奈川県,34.35,139.29902,35.52893
14016,足柄上郡松田町,神奈川県,37.82,139.13081,35.39207
14017,横須賀市,神奈川県,100.25,139.66049,35.24929
14018,海老名市,神奈川県,26.66,139.39309,35.43768
14019,愛甲郡清川村,神奈川県,71.26,139.2289,35.48707
14020,足柄下郡湯河原町,神奈川県,41.08,139.07905,35.16614
14021,Manazuru,神奈川県,7.01,139.13345,35.16566
14022,秦野市,神奈川県,103.72,139.20299,35.40016
14023,足柄下郡箱根町,神奈川県,92.8,139.03134,35.2323
14024,綾瀬市,神奈川県,21.95,139.43096,35.44013
14025,Chigasaki,神奈川県,35.98,139.40959,35.34425
14026,三浦郡葉山町,神奈川県,16.92,139.60049,35.27125
14027,藤沢市,神奈川県,69.05,139.45878,35.36853
14028,逗子市,神奈川県,17.28,139.59145,35.29899
14029,鎌倉市,神奈川県,39.58,139.53785,35.32991
14030,足柄上郡開成町,神奈川県,6.54,139.12509,35.33492
14031,Kawasaki,神奈川県,149.04,139.63092,35.56731
14032,Sagamihara,神奈川県,328.6,139.23947,35.56435
14033,Yokohama,神奈川県,436.8,139.57591,35.46056
15001,南魚沼郡湯沢町,新潟県,354.91,138.80071,36.85573
15002,西蒲原郡弥彦村,新潟県,25.24,138.83745,37.69079
15003,燕市,新潟県,110.96,138.88628,37.66542
15004,村上市,新潟県,1170.28,139.61737,38.31031
15005,Sekikawa,新潟県,299.27,139.60114,38.06442
15006,胎内市,新潟県,265.42,139.48046,38.00584
15007,新発田市,新潟県,532.83,139.4279,37.90736
15008,東蒲原郡阿賀町,新潟県,952.06,139.46405,37.66506
15009,魚沼市,新潟県,946.64,139.09789,37.22093
15010,阿賀野市,新潟県,194.75,139.25909,37.81425
15011,Niigata,新潟県,725.33,139.03514,37.82741
15012,北蒲原郡聖籠町,新潟県,37.58,139.26629,37.98367
15013,五泉市,新潟県,349.95,139.22634,37.65641
15014,南蒲原郡田上町,新潟県,31.63,139.07042,37.70118
15015,加茂市,新潟県,133.59,139.11046,37.62222
15016,三条市,新潟県,431.54,139.0898,37.5407
15017,長岡市,新潟県,890.09,138.8568,37.44516
15018,見附市,新潟県,78.0,138.93183,37.52793
15019,小千谷市,新潟県,155.21,138.80044,37.29129
15020,十日町市,新潟県,592.68,138.70206,37.09085
15021,柏崎市,新潟県,441.98,138.60044,37.32816
15022,刈羽郡刈羽村,新潟県,26.17,138.6267,37.42417
15023,三島郡出雲崎町,新潟県,44.49,138.71466,37.52666
15024,南魚沼市,新潟県,584.04,138.93736,37.05589
15025,上越市,新潟県,973.52,138.3375,37.12015
15026,中魚沼郡津南町,新潟県,170.24,138.64183,36.97089
15027,妙高市,新潟県,445.45,138.18755,36.93224
15028,糸魚川市,新潟県,746.07,137.89401,36.96628
15029,佐渡市,新潟県,854.61,138.38985,38.04427
15030,岩船郡粟島浦村,新潟県,9.57,139.24073,38.46252
16001,滑川市,富山県,54.84,137.38216,36.7519
16002,Uodu,富山県,200.67,137.49146,36.75986
16003,高岡市,富山県,209.56,136.96645,36.74005
16004,黒部市,富山県,433.97,137.61628,36.76884
16005,射水市,富山県,108.24,137.08765,36.72015
16006,Funahashi,富山県,3.48,137.30663,36.70117
16007,小矢部市,富山県,133.96,136.85474,36.66237
16008,中新川郡上市町,富山県,236.62,137.47658,36.66056
16009,下新川郡朝日町,富山県,221.2,137.65028,36.89231
16010,砺波市,富山県,127.16,136.99059,36.61877
16011,南砺市,富山県,668.29,136.91956,36.45324
16012,下新川郡入善町,富山県,70.75,137.51216,36.91199
16013,氷見市,富山県,230.52,136.94286,36.86494
16014,富山市,富山県,1240.81,137.29939,36.54655
16015,中新川郡立山町,富山県,311.19,137.51181,36.60164
17001,かほく市,石川県,64.71,136.73285,36.74382
17002,羽咋市,石川県,81.86,136.81625,36.91128
17003,加賀市,石川県,305.91,136.37959,36.25505
17004,金沢市,石川県,468.23,136.70829,36.51924
17005,鳳珠郡穴水町,石川県,182.99,136.93609,37.23528
17006,Shika,石川県,246.64,136.77154,37.089
17007,七尾市,石川県,317.85,136.91922,37.06952
17008,珠洲市,石川県,247.24,137.22583,37.45528
17009,小松市,石川県,371.43,136.49838,36.3111
17010,能美郡川北町,石川県,14.47,136.53651,36.46913
17011,鹿島郡中能登町,石川県,89.14,136.89748,36.97103
17012,河北郡津幡町,石川県,110.49,136.76872,36.69275
17013,河北郡内灘町,石川県,20.67,136.65735,36.66436
17014,鳳珠郡能登町,石川県,273.03,137.09525,37.33009
17015,能美市,石川県,84.11,136.54435,36.43596
17016,白山市,石川県,755.03,136.66965,36.27562
17017,羽咋郡宝達志水町,石川県,111.81,136.80366,36.82606
17018,野々市市,石川県,13.57,136.60546,36.52515
17019,Wajima,石川県,425.58,136.88762,37.3367
18001,あわら市,福井県,117.06,136.25163,36.22776
18002,大飯郡おおい町,福井県,212.01,135.63295,35.40683
18003,吉田郡永平寺町,福井県,94.55,136.35499,36.07796
18004,Echizen,福井県,230.9,136.17716,35.88947
18005,越前市,福井県,152.72,136.05642,35.95911
18006,大飯郡高浜町,福井県,72.35,135.51554,35.49194
18007,坂井市,福井県,209.2,136.25547,36.16402
18008,鯖江市,福井県,84.66,136.21834,35.9594
18009,三方上中郡若狭町,福井県,178.53,135.88081,35.51181
18010,勝山市,福井県,253.65,136.52174,36.08442
18011,小浜市,福井県,232.94,135.74808,35.46869
18012,大野市,福井県,872.57,136.61699,35.90841
18013,今立郡池田町,福井県,194.67,136.36811,35.86846
18014,敦賀市,福井県,250.62,136.08068,35.63728
18015,南条郡南越前町,福井県,343.97,136.21327,35.77206
18016,三方郡美浜町,福井県,152.54,135.97453,35.59702
18017,福井市,福井県,535.79,136.21819,36.04243
19001,甲州市,山梨県,263.76,138.79189,35.72654
19002,甲斐市,山梨県,72.11,138.51842,35.71704
19003,甲府市,山梨県,212.27,138.58773,35.69726
19004,南都留郡山中湖村,山梨県,52.93,138.87754,35.42306
19005,山梨市,山梨県,290.07,138.6975,35.79691
19006,西八代郡市川三郷町,山梨県,75.15,138.51318,35.53245
19007,北都留郡小菅村,山梨県,52.66,138.94255,35.74771
19008,中巨摩郡昭和町,山梨県,9.01,138.53337,35.62806
19009,上野原市,山梨県,170.83,139.06363,35.63439
19010,南巨摩郡身延町,山梨県,303.51,138.46815,35.41531
19011,南都留郡西桂町,山梨県,15.35,138.83578,35.53088
19012,南巨摩郡早川町,山梨県,369.9,138.30952,35.4671
19013,大月市,山梨県,279.82,138.9199,35.64289
19014,北都留郡丹波山村,山梨県,101.32,138.90588,35.80142
19015,中央市,山梨県,32.01,138.5412,35.58428
19016,Fuefuki,山梨県,202.13,138.68068,35.59964
19017,都留市,山梨県,161.7,138.91487,35.53664
19018,南都留郡道志村,山梨県,79.92,139.01296,35.5059
19019,南アルプス市,山梨県,263.94,138.35408,35.65064
19020,南巨摩郡南部町,山梨県,201.05,138.46182,35.25938
19021,韮崎市,山梨県,143.63,138.41197,35.71772
19022,南都留郡忍野村,山梨県,24.92,138.85599,35.4596
19023,南都留郡富士河口湖町,山梨県,161.1,138.68783,35.4871
19024,?????,山梨県,125.31,138.79379,35.43918
19025,Fujikawa,山梨県,112.08,138.40267,35.54331
19026,北杜市,山梨県,602.46,138.39376,35.83719
19027,南都留郡鳴沢村,山梨県,91.03,138.69829,35.42773
20001,Minamimaki-Mura,長野県,132.93,138.45833,35.98408
20002,北佐久郡軽井沢町,長野県,156.2,138.58936,36.3569
20003,北佐久郡御代田町,長野県,58.7,138.51304,36.33425
20004,小諸市,長野県,98.54,138.43496,36.33907
20005,東御市,長野県,112.28,138.36867,36.37403
20006,上田市,長野県,552.24,138.24188,36.38361
20007,南佐久郡佐久穂町,長野県,188.96,138.47442,36.12241
20008,南佐久郡川上村,長野県,209.46,138.61857,35.94169
20009,Koumi,長野県,113.41,138.45909,36.0686
20010,南佐久郡北相木村,長野県,56.37,138.58996,36.06235
20011,南佐久郡南相木村,長野県,66.16,138.58586,36.0185
20012,佐久市,長野県,423.58,138.44524,36.21588
20013,北佐久郡立科町,長野県,66.78,138.29506,36.21134
20014,須坂市,長野県,149.36,138.34872,36.61008
20015,長野市,長野県,834.61,138.10182,36.64407
20016,松本市,長野県,978.14,137.81415,36.20154
20017,岡谷市,長野県,84.28,138.04814,36.07923
20018,飯田市,長野県,658.74,137.91357,35.43974
20019,諏訪市,長野県,109.58,138.11349,36.02889
20020,下伊那郡阿智村,長野県,214.51,137.68638,35.44259
20021,下伊那郡阿南町,長野県,123.35,137.764,35.31719
20022,Adumino,長野県,331.65,137.84016,36.32796
20023,伊那市,長野県,667.38,138.07398,35.79077
20024,下水内郡栄村,長野県,272.61,138.5865,36.88034
20025,塩尻市,長野県,290.69,137.90032,36.03814
20026,木曽郡王滝村,長野県,310.7,137.47503,35.81433
20027,Shimosuwa-Machi,長野県,66.95,138.11258,36.11056
20028,下伊那郡下條村,長野県,37.85,137.77514,35.39144
20029,茅野市,長野県,267.11,138.24656,36.02525
20030,Miyada,長野県,51.4,137.88041,35.77364
20031,Takagi,長野県,66.97,137.92678,35.48074
20032,駒ヶ根市,長野県,169.03,137.94764,35.72782
20033,諏訪郡原村,長野県,43.32,138.25707,35.96384
20034,Takayama,長野県,98.44,138.42326,36.66229
20035,下伊那郡高森町,長野県,45.27,137.85888,35.57363
20036,下伊那郡根羽村,長野県,89.76,137.6041,35.25617
20037,埴科郡坂城町,長野県,53.32,138.19398,36.45277
20038,Yamanouchi,長野県,266.03,138.51063,36.75134
20039,東筑摩郡山形村,長野県,24.82,137.86204,36.16078
20040,上水内郡小川村,長野県,58.0,137.95962,36.63426
20041,Otari,長野県,267.79,137.91571,36.82579
20042,上高井郡小布施町,長野県,19.02,138.31585,36.70263
20043,Matsukawa,長野県,46.78,137.82618,36.41351
20044,下伊那郡松川町,長野県,72.7,137.90885,35.60548
20045,Agematsu,長野県,168.32,137.68214,35.76442
20046,上水内郡信濃町,長野県,148.94,138.18252,36.81023
20047,東筑摩郡生坂村,長野県,39.04,137.94357,36.43275
20048,小県郡青木村,長野県,57.35,138.10511,36.36447
20049,千曲市,長野県,120.01,138.12346,36.50617
20050,下伊那郡泰阜村,長野県,64.45,137.86093,35.36331
20051,木曽郡大桑村,長野県,234.42,137.69115,35.69073
20052,下伊那郡大鹿村,長野県,248.13,138.07435,35.55824
20053,大町市,長野県,565.05,137.78153,36.5056
20054,上伊那郡辰野町,長野県,169.03,137.94265,35.98404
20055,北安曇郡池田町,長野県,40.19,137.89765,36.42329
20056,東筑摩郡筑北村,長野県,99.38,138.03995,36.42127
20057,上伊那郡中川村,長野県,77.11,137.97639,35.63921
20058,中野市,長野県,112.03,138.34711,36.76933
20059,東筑摩郡朝日村,長野県,70.95,137.82971,36.10474
20060,Nagawa,長野県,183.78,138.21609,36.18823
20061,下伊那郡天龍村,長野県,109.19,137.82147,35.25393
20062,上伊那郡南箕輪村,長野県,40.92,137.95708,35.87464
20063,Nagiso,長野県,215.83,137.61794,35.60359
20064,下伊那郡売木村,長野県,43.3,137.69609,35.26762
20065,北安曇郡白馬村,長野県,182.5,137.83566,36.69615
20066,Iiduna,長野県,75.43,138.23646,36.75548
20067,飯山市,長野県,201.45,138.38348,36.91262
20068,上伊那郡飯島町,長野県,86.87,137.87857,35.67455
20069,諏訪郡富士見町,長野県,144.42,138.24983,35.90064
20070,Hiraya,長野県,77.32,137.63483,35.33324
20071,下伊那郡豊丘村,長野県,76.67,137.9502,35.53856
20072,東筑摩郡麻績村,長野県,34.22,138.03661,36.46288
20073,上伊那郡箕輪町,長野県,85.82,137.99231,35.92415
20074,Kiso,長野県,476.04,137.65345,35.89997
20075,木曽郡木祖村,長野県,140.14,137.76013,35.99646
20076,Kijimadaira,長野県,99.45,138.4662,36.84049
20077,下高井郡野沢温泉村,長野県,57.78,138.46712,36.93133
21001,安八郡安八町,岐阜県,18.09,136.66275,35.33689
21002,Hashima,岐阜県,53.65,136.70155,35.30743
21003,下呂市,岐阜県,850.6,137.23808,35.84201
21004,可児市,岐阜県,87.61,137.0648,35.40442
21005,Kaidu,岐阜県,111.95,136.62471,35.21344
21006,各務原市,岐阜県,87.58,136.87829,35.40285
21007,Sekigahara,岐阜県,49.19,136.44585,35.348
21008,Seki,岐阜県,472.03,136.87441,35.63055
21009,羽島郡岐南町,岐阜県,7.92,136.78666,35.38622
21010,岐阜市,岐阜県,203.75,136.7647,35.44826
21011,Gujo,岐阜県,1030.94,136.94572,35.83295
21012,恵那市,岐阜県,505.79,137.41811,35.37071
21013,可児郡御嵩町,岐阜県,56.69,137.15433,35.43345
21014,Takayama,岐阜県,2177.59,137.28587,36.13186
21015,加茂郡坂祝町,岐阜県,12.95,136.97627,35.43371
21016,山県市,岐阜県,222.08,136.74315,35.59891
21017,加茂郡七宗町,岐阜県,90.64,137.11332,35.5773
21018,Goudo,岐阜県,18.94,136.6091,35.41575
21019,不破郡垂井町,岐阜県,57.13,136.5165,35.38604
21020,瑞穂市,岐阜県,28.11,136.67024,35.39667
21021,瑞浪市,岐阜県,174.96,137.27358,35.38929
21022,加茂郡川辺町,岐阜県,41.27,137.08143,35.5106
21023,多治見市,岐阜県,90.69,137.11247,35.33413
21024,大垣市,岐阜県,206.57,136.46266,35.28077
21025,揖斐郡大野町,岐阜県,34.28,136.62672,35.46796
21026,揖斐郡池田町,岐阜県,38.44,136.55643,35.44044
21027,中津川市,岐阜県,675.04,137.47432,35.56661
21028,土岐市,岐阜県,116.44,137.20738,35.32427
21029,加茂郡東白川村,岐阜県,86.96,137.33763,35.64279
21030,Shirakawa,岐阜県,356.53,136.87948,36.21979
21031,加茂郡白川町,岐阜県,238.06,137.26291,35.6067
21032,加茂郡八百津町,岐阜県,128.67,137.18636,35.50075
21033,飛騨市,岐阜県,792.41,137.20568,36.3328
21034,美濃加茂市,岐阜県,74.55,137.02652,35.48385
21035,美濃市,岐阜県,117.01,136.90117,35.57886
21036,加茂郡富加町,岐阜県,16.86,136.97708,35.49178
21037,Kitagata,岐阜県,5.21,136.68968,35.43057
21038,本巣市,岐阜県,374.6,136.61988,35.65561
21039,揖斐郡揖斐川町,岐阜県,803.82,136.45228,35.60496
21040,養老郡養老町,岐阜県,72.44,136.56466,35.29064
21041,安八郡輪之内町,岐阜県,22.34,136.63503,35.28601
22001,伊東市,静岡県,123.83,139.0872,34.93549
22002,伊豆の国市,静岡県,94.74,138.97302,35.03809
22003,伊豆市,静岡県,364.03,138.92591,34.92233
22004,下田市,静岡県,104.57,138.92128,34.70906
22005,Kawadu,静岡県,100.6,138.95257,34.78623
22006,掛川市,静岡県,266.56,138.01894,34.7798
22007,菊川市,静岡県,94.22,138.10053,34.73876
22008,榛原郡吉田町,静岡県,21.12,138.25716,34.77352
22009,湖西市,静岡県,87.08,137.52638,34.72303
22010,御前崎市,静岡県,65.51,138.14761,34.64842
22011,三島市,静岡県,62.08,138.94895,35.13954
22012,駿東郡小山町,静岡県,132.34,138.9188,35.36001
22013,賀茂郡松崎町,静岡県,84.98,138.82049,34.74587
22014,Numadu,静岡県,187.3,138.83043,35.07759
22015,Yaidu,静岡県,70.08,138.30119,34.84034
22016,周智郡森町,静岡県,133.82,137.94762,34.88668
22017,裾野市,静岡県,137.79,138.87755,35.22546
22018,駿東郡清水町,静岡県,8.81,138.89866,35.09751
22019,Nishiizu-Cho,静岡県,105.4,138.81742,34.82341
22020,熱海市,静岡県,61.16,139.06237,35.09095
22021,田方郡函南町,静岡県,65.12,138.99411,35.11391
22022,磐田市,静岡県,165.46,137.85119,34.74417
22023,富士宮市,静岡県,387.59,138.60883,35.3026
22024,富士市,静岡県,245.17,138.69899,35.20111
22025,牧之原市,静岡県,111.35,138.18568,34.73223
22026,Hamamatsu,静岡県,1559.12,137.80403,34.95299
22027,Shizuoka,静岡県,1413.25,138.31179,35.19813
22028,袋井市,静岡県,106.05,137.92851,34.74249
22029,榛原郡川根本町,静岡県,496.49,138.10329,35.16353
22030,島田市,静岡県,315.22,138.12657,34.91231
22031,藤枝市,静岡県,194.0,138.23379,34.91945
22032,御殿場市,静岡県,194.88,138.87887,35.29895
22033,賀茂郡東伊豆町,静岡県,77.79,139.02823,34.82657
22034,賀茂郡南伊豆町,静岡県,110.54,138.83129,34.66427
22035,駿東郡長泉町,静岡県,26.79,138.87074,35.1664
23001,あま市,愛知県,27.46,136.80346,35.18837
23002,みよし市,愛知県,32.2,137.08882,35.094
23003,知多郡阿久比町,愛知県,23.65,136.91102,34.93489
23004,Ansai,愛知県,66.91,136.71127,35.17196
23005,安城市,愛知県,86.02,137.07195,34.94374
23006,一宮市,愛知県,113.53,136.79311,35.30877
23007,稲沢市,愛知県,79.44,136.76358,35.23987
23008,岡崎市,愛知県,386.94,137.25838,34.951
23009,海部郡蟹江町,愛知県,11.14,136.78523,35.13038
23010,Gamagori,愛知県,56.23,137.22767,34.8267
23011,刈谷市,愛知県,50.46,137.0175,35.00294
23012,岩倉市,愛知県,10.49,136.86878,35.27837
23013,犬山市,愛知県,74.82,136.98048,35.36153
23014,Kouta,愛知県,56.8,137.16577,34.86227
23015,江南市,愛知県,30.16,136.87045,35.34328
23016,高浜市,愛知県,12.99,136.99557,34.93239
23017,春日井市,愛知県,92.55,137.00673,35.27305
23018,小牧市,愛知県,62.89,136.94992,35.29855
23019,常滑市,愛知県,55.72,136.85834,34.89002
23020,Shinshiro,愛知県,498.84,137.54266,34.96004
23021,瀬戸市,愛知県,111.38,137.11673,35.23822
23022,清須市,愛知県,17.36,136.84766,35.21326
23023,西尾市,愛知県,160.58,137.07053,34.83348
23024,北設楽郡設楽町,愛知県,274.43,137.55485,35.12262
23025,丹羽郡大口町,愛知県,13.52,136.91072,35.33123
23026,Oharu,愛知県,6.59,136.82225,35.17351
23027,大府市,愛知県,33.65,136.95488,35.01897
23028,知多市,愛知県,46.08,136.86507,34.97025
23029,知立市,愛知県,16.36,137.0497,34.99916
23030,長久手市,愛知県,21.5,137.05925,35.17561
23031,津島市,愛知県,25.01,136.7527,35.1695
23032,田原市,愛知県,190.0,137.18403,34.64083
23033,知多郡東浦町,愛知県,31.04,136.95536,34.96878
23034,北設楽郡東栄町,愛知県,123.26,137.69,35.08964
23035,東海市,愛知県,43.38,136.90002,35.02628
23036,愛知郡東郷町,愛知県,17.97,137.05368,35.101
23037,知多郡南知多町,愛知県,36.3,136.91784,34.72974
23038,日進市,愛知県,34.93,137.05108,35.13748
23039,半田市,愛知県,47.46,136.92633,34.89947
23040,海部郡飛島村,愛知県,24.01,136.80369,35.07587
23041,尾張旭市,愛知県,21.11,137.03665,35.217
23042,知多郡美浜町,愛知県,46.28,136.88978,34.77786
23043,丹羽郡扶桑町,愛知県,11.27,136.91353,35.36099
23044,知多郡武豊町,愛知県,26.07,136.90663,34.84357
23045,碧南市,愛知県,37.6,136.99189,34.87827
23046,豊橋市,愛知県,260.49,137.41033,34.74025
23047,北設楽郡豊根村,愛知県,156.03,137.7395,35.17148
23048,西春日井郡豊山町,愛知県,6.15,136.91646,35.25094
23049,豊川市,愛知県,160.11,137.36142,34.84803
23050,Toyota,愛知県,918.68,137.30122,35.14196
23051,豊明市,愛知県,23.47,137.01013,35.06054
23052,北名古屋市,愛知県,18.32,136.87254,35.24697
23053,弥富市,愛知県,48.64,136.76091,35.08169
23054,Nagoya,愛知県,329.64,136.92427,35.1449
23055,Kasamatsu,愛知県,10.55,136.77013,35.36601
24001,いなべ市,三重県,219.96,136.50794,35.16053
24002,伊賀市,三重県,557.75,136.18505,34.74952
24003,伊勢市,三重県,208.47,136.71587,34.46749
24004,南牟婁郡紀宝町,三重県,79.73,135.9696,33.772
24005,北牟婁郡紀北町,三重県,255.48,136.23687,34.17648
24006,亀山市,三重県,190.99,136.39333,34.86871
24007,度会郡玉城町,三重県,40.93,136.62067,34.48083
24008,熊野市,三重県,373.8,136.02644,33.92284
24009,桑名市,三重県,136.38,136.65609,35.09426
24010,三重郡菰野町,三重県,106.99,136.48346,35.04021
24011,南牟婁郡御浜町,三重県,87.96,136.00934,33.83996
24012,四日市市,三重県,206.63,136.57616,34.97978
24013,志摩市,三重県,178.68,136.81383,34.34545
24014,松阪市,三重県,623.18,136.35673,34.48656
24015,三重郡川越町,三重県,8.8,136.68064,35.01989
24016,多気郡多気町,三重県,103.04,136.50159,34.47018
24017,度会郡大紀町,三重県,233.23,136.41222,34.3158
24018,多気郡大台町,三重県,363.28,136.26248,34.31595
24019,三重郡朝日町,三重県,6.13,136.66172,35.03635
24020,鳥羽市,三重県,105.71,136.8543,34.43604
24021,津市,三重県,711.47,136.36664,34.66006
24022,度会郡度会町,三重県,135.18,136.57867,34.39021
24023,員弁郡東員町,三重県,22.47,136.58973,35.07946
24024,度会郡南伊勢町,三重県,242.68,136.58479,34.31111
24025,尾鷲市,三重県,192.89,136.17918,34.03446
24026,名張市,三重県,129.79,136.11833,34.60926
24027,多気郡明和町,三重県,41.15,136.62668,34.55049
24028,Kisosaki,三重県,16.22,136.74001,35.06533
24029,鈴鹿市,三重県,194.69,136.52244,34.89013
25001,大津市,滋賀県,464.71,135.91254,35.0876
25002,東近江市,滋賀県,388.09,136.28732,35.10697
25003,彦根市,滋賀県,197.06,136.2059,35.26519
25004,高島市,滋賀県,693.2,135.98616,35.37196
25005,近江八幡市,滋賀県,177.44,136.0765,35.16517
25006,長浜市,滋賀県,680.73,136.22472,35.5007
25007,Maibara,滋賀県,250.1,136.35088,35.38397
25008,犬上郡多賀町,滋賀県,135.71,136.34434,35.21067
25009,犬上郡甲良町,滋賀県,13.64,136.26505,35.20248
25010,愛知郡愛荘町,滋賀県,38.12,136.24795,35.16919
25011,犬上郡豊郷町,滋賀県,7.88,136.23164,35.1983
25012,野洲市,滋賀県,80.21,136.02042,35.10358
25013,守山市,滋賀県,55.84,135.96979,35.09017
25014,草津市,滋賀県,67.6,135.938,35.02603
25015,栗東市,滋賀県,52.87,136.01425,34.99912
25016,湖南市,滋賀県,70.39,136.08754,34.99985
25017,蒲生郡竜王町,滋賀県,44.39,136.11329,35.05766
25018,甲賀市,滋賀県,481.67,136.1799,34.91788
25019,蒲生郡日野町,滋賀県,117.51,136.26369,35.013
26001,与謝郡伊根町,京都府,60.9,135.24762,35.7142
26002,京丹後市,京都府,494.61,135.04766,35.63083
26003,宮津市,京都府,169.86,135.20294,35.5189
26004,与謝郡与謝野町,京都府,107.11,135.10154,35.50958
26005,福知山市,京都府,553.08,135.11333,35.32407
26006,綾部市,京都府,346.91,135.34466,35.35268
26007,南丹市,京都府,616.81,135.5594,35.22742
26008,船井郡京丹波町,京都府,303.05,135.39108,35.22328
26009,亀岡市,京都府,224.81,135.53897,35.01013
26010,Kyoto,京都府,827.88,135.7274,35.10604
26011,長岡京市,京都府,19.3,135.68019,34.92462
26012,乙訓郡大山崎町,京都府,6.06,135.68716,34.90219
26013,Yawata,京都府,24.21,135.71455,34.86689
26014,Muko,京都府,7.7,135.70274,34.94985
26015,宇治市,京都府,67.49,135.82038,34.90287
26016,久世郡久御山町,京都府,13.75,135.74538,34.88957
26017,城陽市,京都府,32.65,135.79761,34.8456
26018,綴喜郡宇治田原町,京都府,58.14,135.88759,34.85494
26019,綴喜郡井手町,京都府,17.83,135.82815,34.81043
26020,相楽郡和束町,京都府,65.05,135.92918,34.8105
26021,木津川市,京都府,85.46,135.84843,34.75139
26022,相楽郡笠置町,京都府,23.26,135.94957,34.7646
26023,相楽郡南山城村,京都府,64.35,136.00241,34.76602
26024,相楽郡精華町,京都府,25.89,135.77585,34.75749
26025,京田辺市,京都府,42.88,135.75846,34.8065
26026,舞鶴市,京都府,340.26,135.33967,35.46954
27001,豊能郡能勢町,大阪府,98.64,135.413,34.98084
27002,豊能郡豊能町,大阪府,34.15,135.48218,34.91408
27003,茨木市,大阪府,76.49,135.54983,34.85594
27004,高槻市,大阪府,105.18,135.6078,34.8807
27005,三島郡島本町,大阪府,16.85,135.6532,34.89885
27006,枚方市,大阪府,65.36,135.68162,34.8178
27007,箕面市,大阪府,47.95,135.47922,34.85593
27008,池田市,大阪府,22.09,135.43817,34.83447
27009,豊中市,大阪府,36.38,135.4727,34.78191
27010,吹田市,大阪府,36.03,135.51924,34.78563
27011,Osaka,大阪府,224.64,135.50401,34.67159
27012,守口市,大阪府,12.76,135.57626,34.74162
27013,摂津市,大阪府,14.76,135.5694,34.77598
27014,交野市,大阪府,25.42,135.6869,34.77217
27015,寝屋川市,大阪府,24.61,135.6269,34.76543
27016,四條畷市,大阪府,18.83,135.668,34.73253
27017,門真市,大阪府,12.43,135.59943,34.73228
27018,大東市,大阪府,18.27,135.63576,34.71284
27019,東大阪市,大阪府,61.4,135.6176,34.67117
27020,八尾市,大阪府,41.87,135.61632,34.62034
27021,松原市,大阪府,16.58,135.551,34.5802
27022,Kashiwara,大阪府,25.28,135.64641,34.57918
27023,藤井寺市,大阪府,8.92,135.60385,34.5741
27024,羽曳野市,大阪府,26.45,135.60629,34.54809
27025,Sakai,大阪府,153.4,135.49535,34.53143
27026,大阪狭山市,大阪府,11.91,135.54882,34.49637
27027,富田林市,大阪府,39.68,135.59426,34.48871
27028,南河内郡太子町,大阪府,14.2,135.65264,34.51762
27029,南河内郡河南町,大阪府,25.11,135.64892,34.4847
27030,南河内郡千早赤阪村,大阪府,37.35,135.6483,34.43847
27031,河内長野市,大阪府,109.67,135.56701,34.4055
27032,和泉市,大阪府,85.02,135.47164,34.43135
27033,高石市,大阪府,13.62,135.42701,34.52943
27034,泉大津市,大阪府,16.23,135.40421,34.50813
27035,岸和田市,大阪府,71.79,135.41601,34.42749
27036,貝塚市,大阪府,43.95,135.38741,34.39834
27037,泉南郡熊取町,大阪府,17.02,135.36406,34.38895
27038,泉佐野市,大阪府,56.74,135.34192,34.3758
27039,泉南郡田尻町,大阪府,5.71,135.23471,34.43439
27040,泉南市,大阪府,49.16,135.29414,34.34898
27041,阪南市,大阪府,36.32,135.23526,34.33122
27042,泉南郡岬町,大阪府,48.96,135.15209,34.30328
27043,泉北郡忠岡町,大阪府,4.06,135.39372,34.49259
28001,豊岡市,兵庫県,697.64,134.82651,35.51288
28002,朝来市,兵庫県,403.07,134.82551,35.26087
28003,美方郡香美町,兵庫県,368.49,134.59028,35.52336
28004,Yabu,兵庫県,423.29,134.68582,35.3531
28005,美方郡新温泉町,兵庫県,240.77,134.48278,35.5597
28006,多可郡多可町,兵庫県,185.08,134.90491,35.08351
28007,Tamba,兵庫県,493.27,135.04944,35.1746
28008,宍粟市,兵庫県,658.41,134.54517,35.15374
28009,佐用郡佐用町,兵庫県,307.17,134.37057,35.02022
28010,神崎郡神河町,兵庫県,202.34,134.76884,35.11058
28011,Sasayama,兵庫県,377.92,135.23172,35.07344
28012,宝塚市,兵庫県,102.06,135.33558,34.85391
28013,Sanda,兵庫県,210.29,135.21754,34.95197
28014,川辺郡猪名川町,兵庫県,90.26,135.34984,34.94617
28015,西脇市,兵庫県,132.26,134.99491,35.00922
28016,姫路市,兵庫県,531.04,134.67081,34.91072
28017,Kamigori,兵庫県,150.35,134.35045,34.88653
28018,たつの市,兵庫県,210.69,134.5188,34.88774
28019,相生市,兵庫県,90.34,134.45565,34.84074
28020,Fukusaki,兵庫県,45.71,134.75098,34.96303
28021,加西市,兵庫県,151.19,134.85425,34.92338
28022,神崎郡市川町,兵庫県,82.61,134.78119,35.01407
28023,加東市,兵庫県,157.76,135.02239,34.92766
28024,西宮市,兵庫県,98.34,135.31223,34.7858
28025,川西市,兵庫県,53.43,135.41107,34.87748
28026,小野市,兵庫県,92.55,134.95139,34.85861
28027,三木市,兵庫県,176.6,135.0589,34.83533
28028,Kobe,兵庫県,555.47,135.12996,34.74608
28029,加古川市,兵庫県,138.43,134.85095,34.79153
28030,揖保郡太子町,兵庫県,22.77,134.59086,34.8332
28031,赤穂市,兵庫県,126.49,134.3725,34.78888
28032,高砂市,兵庫県,34.21,134.78568,34.77531
28033,明石市,兵庫県,48.92,134.9428,34.6828
28034,加古郡播磨町,兵庫県,9.16,134.86913,34.71828
28035,加古郡稲美町,兵庫県,35.1,134.92348,34.75232
28036,芦屋市,兵庫県,18.4,135.2987,34.74845
28037,尼崎市,兵庫県,51.44,135.41103,34.73399
28038,伊丹市,兵庫県,24.76,135.40677,34.78529
28039,淡路市,兵庫県,182.33,134.9134,34.49553
28040,洲本市,兵庫県,182.19,134.85443,34.3392
28041,南あわじ市,兵庫県,229.3,134.76423,34.27521
29001,北葛城郡広陵町,奈良県,16.44,135.74678,34.55079
29002,生駒郡安堵町,奈良県,4.28,135.75529,34.60175
29003,磯城郡川西町,奈良県,5.87,135.7724,34.58791
29004,磯城郡三宅町,奈良県,4.16,135.77414,34.57376
29005,生駒市,奈良県,53.04,135.71037,34.70792
29006,生駒郡平群町,奈良県,23.94,135.68822,34.63327
29007,奈良市,奈良県,276.39,135.89079,34.67452
29008,Sango,奈良県,8.77,135.68416,34.60358
29009,生駒郡斑鳩町,奈良県,14.3,135.73049,34.61403
29010,Yamatokoriyama,奈良県,42.66,135.77467,34.63388
29011,山辺郡山添村,奈良県,66.76,136.02694,34.66416
29012,天理市,奈良県,86.62,135.86443,34.59564
29013,磯城郡田原本町,奈良県,21.13,135.79386,34.55413
29014,宇陀市,奈良県,247.69,135.99787,34.5204
29015,桜井市,奈良県,99.02,135.87969,34.52136
29016,高市郡明日香村,奈良県,24.11,135.82804,34.45897
29017,高市郡高取町,奈良県,25.79,135.79482,34.43814
29018,Soni,奈良県,47.72,136.12277,34.51838
29019,宇陀郡御杖村,奈良県,79.39,136.15933,34.47771
29020,北葛城郡王寺町,奈良県,7.06,135.6963,34.5848
29021,北葛城郡河合町,奈良県,8.1,135.73218,34.58029
29022,北葛城郡上牧町,奈良県,6.15,135.71542,34.56552
29023,橿原市,奈良県,39.38,135.78991,34.50142
29024,香芝市,奈良県,24.31,135.68996,34.54868
29025,大和高田市,奈良県,16.49,135.74383,34.51008
29026,葛城市,奈良県,33.84,135.70468,34.49684
29027,Gose,奈良県,60.55,135.72096,34.4331
29028,五條市,奈良県,292.14,135.75039,34.25679
29029,吉野郡東吉野村,奈良県,131.96,136.02793,34.40658
29030,吉野郡吉野町,奈良県,95.54,135.89357,34.39867
29031,吉野郡大淀町,奈良県,38.2,135.79859,34.40292
29032,吉野郡下市町,奈良県,62.1,135.80689,34.33775
29033,吉野郡川上村,奈良県,269.01,136.02044,34.29265
29034,吉野郡黒滝村,奈良県,47.72,135.86393,34.3079
29035,Tenkawa,奈良県,175.38,135.86845,34.22721
29036,吉野郡上北山村,奈良県,274.8,136.02046,34.13757
29037,吉野郡野迫川村,奈良県,154.81,135.64455,34.13615
29038,Totsukawa,奈良県,672.31,135.7643,34.01068
29039,吉野郡下北山村,奈良県,133.43,135.95229,34.04534
30001,和歌山市,和歌山県,208.52,135.19909,34.24154
30002,伊都郡九度山町,和歌山県,44.33,135.57965,34.26638
30003,橋本市,和歌山県,130.45,135.61049,34.32294
30004,岩出市,和歌山県,38.46,135.30567,34.28094
30005,Koya,和歌山県,136.89,135.60908,34.21427
30006,紀の川市,和歌山県,228.41,135.39409,34.25398
30007,伊都郡かつらぎ町,和歌山県,151.81,135.51239,34.23671
30008,田辺市,和歌山県,1027.39,135.57762,33.82631
30009,海南市,和歌山県,101.15,135.22557,34.14115
30010,海草郡紀美野町,和歌山県,128.06,135.38944,34.15391
30011,有田市,和歌山県,35.81,135.14333,34.08164
30012,Hirogawa,和歌山県,64.83,135.20734,33.99103
30013,有田郡有田川町,和歌山県,352.08,135.36644,34.07187
30014,有田郡湯浅町,和歌山県,21.02,135.19268,34.03541
30015,御坊市,和歌山県,43.67,135.17631,33.88046
30016,日高郡由良町,和歌山県,30.44,135.1225,33.97558
30017,日高郡日高町,和歌山県,46.12,135.12222,33.93291
30018,日高郡美浜町,和歌山県,13.04,135.11601,33.89547
30019,日高郡日高川町,和歌山県,331.47,135.3585,33.95969
30020,日高郡印南町,和歌山県,113.52,135.27879,33.85626
30021,日高郡みなべ町,和歌山県,120.4,135.34994,33.82956
30022,西牟婁郡白浜町,和歌山県,201.05,135.47217,33.6363
30023,西牟婁郡上富田町,和歌山県,57.64,135.45717,33.70621
30024,西牟婁郡すさみ町,和歌山県,174.14,135.57056,33.5717
30025,新宮市,和歌山県,256.67,135.85838,33.7609
30026,東牟婁郡串本町,和歌山県,133.73,135.75875,33.51833
30027,東牟婁郡太地町,和歌山県,5.94,135.94265,33.58979
30028,東牟婁郡那智勝浦町,和歌山県,182.29,135.87514,33.64245
30029,東牟婁郡古座川町,和歌山県,294.86,135.73559,33.61114
30030,東牟婁郡北山村,和歌山県,48.28,135.95126,33.95988
31001,岩美郡岩美町,鳥取県,122.29,134.36262,35.54468
31002,境港市,鳥取県,29.22,133.23115,35.51864
31003,東伯郡琴浦町,鳥取県,139.74,133.64097,35.45029
31004,日野郡江府町,鳥取県,124.55,133.52104,35.29336
31005,Miasa,鳥取県,233.4,133.89387,35.35275
31006,八頭郡若桜町,鳥取県,199.16,134.44039,35.32265
31007,倉吉市,鳥取県,271.99,133.74556,35.39056
31008,Daisen,鳥取県,190.07,133.52872,35.45267
31009,Chidu,鳥取県,224.2,134.26266,35.24952
31010,鳥取市,鳥取県,766.06,134.15822,35.42983
31011,東伯郡湯梨浜町,鳥取県,78.02,133.90922,35.4727
31012,西伯郡南部町,鳥取県,113.99,133.3501,35.32064
31013,Hiedu,鳥取県,4.12,133.37938,35.44389
31014,日野郡日南町,鳥取県,340.76,133.26133,35.15767
31015,日野郡日野町,鳥取県,133.83,133.4149,35.2097
31016,西伯郡伯耆町,鳥取県,139.37,133.4417,35.33313
31017,Yazu,鳥取県,206.92,134.32091,35.38138
31018,米子市,鳥取県,132.52,133.35915,35.43418
31019,東伯郡北栄町,鳥取県,57.2,133.7689,35.47591
32001,安来市,島根県,420.99,133.19952,35.33393
32002,隠岐郡隠岐の島町,島根県,241.02,133.27924,36.25141
32003,雲南市,島根県,553.14,132.89538,35.24355
32004,益田市,島根県,732.92,131.94437,34.62415
32005,仁多郡奥出雲町,島根県,368.32,133.04158,35.15791
32006,Ama,島根県,32.22,133.09821,36.08381
32007,鹿足郡吉賀町,島根県,336.77,131.89188,34.39446
32008,江津市,島根県,268.6,132.29553,34.97488
32009,出雲市,島根県,624.56,132.7546,35.3455
32010,松江市,島根県,571.52,133.06864,35.46763
32011,隠岐郡西ノ島町,島根県,55.73,133.01576,36.09639
32012,邑智郡川本町,島根県,106.37,132.47803,34.99037
32013,Ooda,島根県,435.99,132.49417,35.13563
32014,Chibu,島根県,12.85,133.03075,36.01506
32015,鹿足郡津和野町,島根県,306.78,131.80843,34.51261
32016,飯石郡飯南町,島根県,242.5,132.73717,35.06105
32017,邑智郡美郷町,島根県,283.35,132.59921,35.02956
32018,浜田市,島根県,689.95,132.14124,34.82175
32019,邑智郡邑南町,島根県,419.36,132.5018,34.8768
33001,Ibara,岡山県,243.88,133.47362,34.65035
33002,笠岡市,岡山県,133.1,133.50873,34.51721
33003,加賀郡吉備中央町,岡山県,268.84,133.75097,34.8586
33004,久米郡久米南町,岡山県,78.7,133.95792,34.92234
33005,苫田郡鏡野町,岡山県,419.47,133.90897,35.20618
33006,玉野市,岡山県,104.5,133.93541,34.51725
33007,高梁市,岡山県,546.94,133.5226,34.81724
33008,勝田郡勝央町,岡山県,54.16,134.13037,35.05787
33009,新見市,岡山県,793.34,133.44903,35.0157
33010,真庭郡新庄村,岡山県,67.09,133.56044,35.20333
33011,真庭市,岡山県,828.62,133.6936,35.13557
33012,瀬戸内市,岡山県,124.97,134.13727,34.66658
33013,英田郡西粟倉村,岡山県,57.73,134.34089,35.19331
33014,赤磐市,岡山県,209.47,134.03957,34.83358
33015,浅口市,岡山県,66.55,133.59461,34.53604
33016,倉敷市,岡山県,352.63,133.74736,34.55955
33017,Hayashima,岡山県,7.67,133.823,34.60865
33018,総社市,岡山県,212.11,133.70227,34.70263
33019,津山市,岡山県,506.63,134.02995,35.13851
33020,勝田郡奈義町,岡山県,69.5,134.18455,35.13625
33021,備前市,岡山県,255.69,134.23044,34.7981
33022,久米郡美咲町,岡山県,232.08,133.93827,34.98368
33023,美作市,岡山県,429.4,134.23008,35.04289
33024,小田郡矢掛町,岡山県,90.88,133.58984,34.63093
33025,浅口郡里庄町,岡山県,12.26,133.55679,34.51312
33026,Wake,岡山県,144.25,134.1378,34.83873
33027,Okayama,岡山県,794.31,133.92443,34.71446
34001,安芸高田市,広島県,538.81,132.67837,34.70295
34002,山県郡安芸太田町,広島県,341.73,132.25609,34.6032
34003,安芸郡海田町,広島県,13.8,132.55287,34.36671
34004,安芸郡熊野町,広島県,33.62,132.59167,34.34613
34005,呉市,広島県,346.42,132.63613,34.26606
34006,Etajima,広島県,98.71,132.44849,34.21875
34007,安芸郡坂町,広島県,15.59,132.5138,34.32436
34008,三原市,広島県,470.68,133.00183,34.45876
34009,Miyoshi,広島県,777.38,132.86602,34.79317
34010,庄原市,広島県,1246.69,133.06659,34.94556
34011,神石郡神石高原町,広島県,382.11,133.26164,34.75543
34012,世羅郡世羅町,広島県,278.23,133.01681,34.61418
34013,Osakikamijima,広島県,41.27,132.89163,34.2379
34014,大竹市,広島県,78.07,132.18411,34.26239
34015,竹原市,広島県,116.7,132.88111,34.36862
34016,東広島市,広島県,635.24,132.76094,34.44815
34017,廿日市市,広島県,490.17,132.17801,34.40584
34018,尾道市,広島県,283.05,133.16218,34.48465
34019,Fuchu,広島県,195.7,133.17502,34.63654
34020,府中市,広島県,10.44,132.51744,34.39753
34021,福山市,広島県,514.9,133.33593,34.52641
34022,山県郡北広島町,広島県,645.83,132.40109,34.70709
34023,Hiroshima,広島県,906.25,132.45252,34.47793
35001,下関市,山口県,715.05,130.99389,34.17236
35002,長門市,山口県,356.88,131.14316,34.34643
35003,美祢市,山口県,472.31,131.25257,34.20954
35004,山陽小野田市,山口県,133.45,131.15761,34.04028
35005,萩市,山口県,696.45,131.51542,34.42738
35006,山口市,山口県,1023.95,131.57628,34.23362
35007,宇部市,山口県,288.22,131.27523,34.04418
35008,阿武郡阿武町,山口県,115.67,131.55293,34.53084
35009,下松市,山口県,88.95,131.89136,34.04143
35010,岩国市,山口県,871.18,132.0645,34.207
35011,光市,山口県,92.16,131.97705,33.98296
35012,周南市,山口県,655.02,131.82823,34.15124
35013,大島郡周防大島町,山口県,132.47,132.2783,33.91408
35014,Kaminoseki,山口県,33.02,132.07609,33.82231
35015,熊毛郡田布施町,山口県,49.8,132.02836,33.9497
35016,Hirao,山口県,34.48,132.08893,33.91777
35017,防府市,山口県,188.39,131.57066,34.07248
35018,柳井市,山口県,139.22,132.12483,33.97979
35019,玖珂郡和木町,山口県,10.47,132.21156,34.1957
36001,美馬郡つるぎ町,徳島県,194.61,134.05363,33.96249
36002,阿南市,徳島県,277.89,134.60448,33.87738
36003,阿波市,徳島県,191.16,134.28893,34.12182
36004,海部郡海陽町,徳島県,327.56,134.27314,33.64586
36005,吉野川市,徳島県,144.25,134.2836,34.03706
36006,名東郡佐那河内村,徳島県,42.27,134.45251,33.98258
36007,三好市,徳島県,721.81,133.84554,33.92474
36008,勝浦郡勝浦町,徳島県,69.79,134.48963,33.92877
36009,小松島市,徳島県,45.35,134.59539,33.98423
36010,板野郡松茂町,徳島県,13.7,134.59219,34.13571
36011,勝浦郡上勝町,徳島県,109.52,134.38341,33.90019
36012,Kamiita,徳島県,34.28,134.40602,34.13085
36013,名西郡神山町,徳島県,173.56,134.33706,33.97696
36014,名西郡石井町,徳島県,28.83,134.43356,34.07818
36015,三好郡東みよし町,徳島県,122.51,133.91785,34.03557
36016,徳島市,徳島県,189.99,134.52374,34.04959
36017,那賀郡那賀町,徳島県,695.38,134.26294,33.80016
36018,板野郡板野町,徳島県,36.18,134.45233,34.1526
36019,海部郡美波町,徳島県,140.29,134.5115,33.7529
36020,美馬市,徳島県,367.28,134.1432,34.01882
36021,板野郡北島町,徳島県,8.83,134.54998,34.1275
36022,海部郡牟岐町,徳島県,55.95,134.41452,33.68875
36023,鳴門市,徳島県,134.45,134.54072,34.1837
36024,板野郡藍住町,徳島県,16.32,134.49437,34.12661
37001,坂出市,香川県,89.52,133.89436,34.3208
37002,善通寺市,香川県,40.3,133.77785,34.22422
37003,さぬき市,香川県,158.87,134.21323,34.26638
37004,仲多度郡まんのう町,香川県,193.95,133.91231,34.1413
37005,Ayagawa,香川県,109.89,133.96234,34.21
37006,Utadu,香川県,8.04,133.82678,34.30687
37007,観音寺市,香川県,117.39,133.67646,34.07872
37008,丸亀市,香川県,108.86,133.84171,34.25632
37009,仲多度郡琴平町,香川県,8.48,133.81814,34.19543
37010,高松市,香川県,373.14,134.05387,34.26717
37011,Mitoyoshi,香川県,220.92,133.72687,34.15988
37012,木田郡三木町,香川県,76.4,134.13811,34.23362
37013,Syoudoshima,香川県,95.62,134.29375,34.49052
37014,仲多度郡多度津町,香川県,23.69,133.74548,34.25771
37015,香川郡直島町,香川県,9.38,133.98523,34.45925
37016,小豆郡土庄町,香川県,73.41,134.2439,34.52124
37017,東かがわ市,香川県,153.36,134.33322,34.21196
38001,南宇和郡愛南町,愛媛県,237.85,132.5849,32.98822
38002,西宇和郡伊方町,愛媛県,93.41,132.21233,33.43383
38003,伊予市,愛媛県,194.22,132.68953,33.68168
38004,Uwajima,愛媛県,464.98,132.56287,33.17761
38005,北宇和郡鬼北町,愛媛県,242.01,132.74946,33.29987
38006,上浮穴郡久万高原町,愛媛県,583.71,132.98495,33.63562
38007,今治市,愛媛県,412.51,132.94802,34.01494
38008,四国中央市,愛媛県,420.92,133.53622,33.93552
38009,松山市,愛媛県,426.8,132.81254,33.87404
38010,Masaki,愛媛県,20.46,132.72552,33.79179
38011,北宇和郡松野町,愛媛県,98.59,132.71176,33.20534
38012,Kamijima,愛媛県,29.3,133.14722,34.26033
38013,新居浜市,愛媛県,233.86,133.32925,33.89932
38014,西条市,愛媛県,509.96,133.11215,33.86131
38015,西予市,愛媛県,513.95,132.63267,33.39408
38016,大洲市,愛媛県,432.25,132.59848,33.51988
38017,伊予郡砥部町,愛媛県,101.52,132.7892,33.69503
38018,東温市,愛媛県,211.36,132.92663,33.80368
38019,喜多郡内子町,愛媛県,299.66,132.75703,33.56963
38020,八幡浜市,愛媛県,131.78,132.43257,33.47294
39001,吾川郡いの町,高知県,471.19,133.31204,33.68081
39002,安芸市,高知県,317.04,133.95431,33.58788
39003,安芸郡安田町,高知県,53.31,134.00759,33.48821
39004,高岡郡越知町,高知県,111.38,133.22179,33.54311
39005,安芸郡芸西村,高知県,39.84,133.82726,33.54849
39006,香南市,高知県,126.72,133.78025,33.58361
39007,香美市,高知県,537.88,133.8532,33.70816
39008,高知市,高知県,308.79,133.50812,33.58041
39009,幡多郡黒潮町,高知県,188.39,133.0594,33.08414
39010,Sakawa,高知県,101.31,133.27372,33.49741
39011,幡多郡三原村,高知県,85.4,132.85146,32.90253
39012,Shimanto,高知県,632.28,132.85225,33.08153
39013,四万十市,高知県,642.64,133.02038,33.23358
39014,室戸市,高知県,248.44,134.14826,33.38333
39015,宿毛市,高知県,285.39,132.74256,32.97113
39016,吾川郡仁淀川町,高知県,333.19,133.13085,33.58241
39017,須崎市,高知県,134.63,133.30368,33.41194
39018,幡多郡大月町,高知県,101.83,132.70914,32.81504
39019,土佐郡大川村,高知県,94.86,133.41293,33.80071
39020,Otoyo,高知県,315.04,133.72058,33.79161
39021,高岡郡中土佐町,高知県,193.13,133.16703,33.33902
39022,高岡郡津野町,高知県,198.2,133.08506,33.42318
39023,安芸郡田野町,高知県,6.7,134.01254,33.43873
39024,Tosa,高知県,91.62,133.38788,33.47709
39025,土佐清水市,高知県,265.76,132.89528,32.82711
39026,土佐市,高知県,212.24,133.48245,33.73359
39027,安芸郡東洋町,高知県,74.24,134.24063,33.51779
39028,安芸郡奈半利町,高知県,28.35,134.05665,33.42046
39029,Nankoku,高知県,125.35,133.62537,33.60977
39030,高岡郡日高村,高知県,44.85,133.35426,33.53909
39031,安芸郡馬路村,高知県,165.34,134.08967,33.62284
39032,安芸郡北川村,高知県,196.24,134.11894,33.51755
39033,Motoyama,高知県,134.43,133.58165,33.79195
39034,高岡郡檮原町,高知県,236.47,132.92541,33.3957
40001,福津市,福岡県,52.72,130.49805,33.7798
40002,宗像市,福岡県,118.63,130.55712,33.8127
40003,古賀市,福岡県,42.17,130.49915,33.72144
40004,うきは市,福岡県,117.77,130.7932,33.31185
40005,糟屋郡志免町,福岡県,8.59,130.47626,33.58762
40006,京都郡みやこ町,福岡県,151.28,130.93599,33.62937
40007,みやま市,福岡県,104.99,130.49629,33.12609
40008,遠賀郡芦屋町,福岡県,10.95,130.66281,33.89063
40009,鞍手郡鞍手町,福岡県,35.95,130.66974,33.7842
40010,糟屋郡宇美町,福岡県,30.3,130.53673,33.56289
40011,遠賀郡遠賀町,福岡県,22.05,130.66273,33.84571
40012,遠賀郡岡垣町,福岡県,48.74,130.60473,33.85424
40013,嘉麻市,福岡県,135.31,130.74027,33.53664
40014,Kanda,福岡県,49.23,130.9672,33.76988
40015,築上郡吉富町,福岡県,5.54,131.1708,33.60525
40016,糟屋郡久山町,福岡県,37.34,130.51665,33.66684
40017,Kume,福岡県,230.04,130.56713,33.3053
40018,Wakamiya,福岡県,139.83,130.61503,33.71549
40019,Keisen,福岡県,20.13,130.67959,33.57452
40020,八女郡広川町,福岡県,38.03,130.57268,33.25209
40021,行橋市,福岡県,70.62,130.97134,33.71397
40022,Kawara,福岡県,44.57,130.85478,33.68464
40023,田川郡糸田町,福岡県,8.15,130.77244,33.65522
40024,糸島市,福岡県,215.16,130.18087,33.53317
40025,糟屋郡篠栗町,福岡県,39.06,130.54722,33.62463
40026,春日市,福岡県,14.11,130.45647,33.5241
40027,Ogoori,福岡県,45.6,130.56433,33.40028
40028,鞍手郡小竹町,福岡県,14.49,130.70426,33.70481
40029,Kouge,福岡県,62.42,131.14021,33.54169
40030,糟屋郡新宮町,福岡県,18.9,130.46326,33.6979
40031,糟屋郡須恵町,福岡県,16.39,130.51874,33.59244
40032,遠賀郡水巻町,福岡県,10.93,130.69377,33.85597
40033,Akamura,福岡県,31.92,130.88785,33.60657
40034,田川郡川崎町,福岡県,36.13,130.8146,33.57037
40035,太宰府市,福岡県,29.68,130.52495,33.52012
40036,大川市,福岡県,33.44,130.38183,33.20576
40037,三井郡大刀洗町,福岡県,22.88,130.61502,33.38074
40038,Oto,福岡県,14.24,130.85171,33.61213
40039,Oomura,福岡県,81.42,130.46907,33.04625
40040,Ooki,福岡県,18.52,130.44086,33.21259
40041,大野城市,福岡県,26.79,130.47919,33.51302
40042,築上郡築上町,福岡県,119.33,131.01573,33.60834
40043,筑後市,福岡県,41.76,130.49119,33.20734
40044,筑紫野市,福岡県,87.75,130.54392,33.48522
40045,朝倉郡筑前町,福岡県,67.32,130.61926,33.46079
40046,Nakama,福岡県,15.87,130.70665,33.82056
40047,朝倉市,福岡県,246.57,130.74172,33.41679
40048,直方市,福岡県,61.42,130.74574,33.75106
40049,田川郡添田町,福岡県,132.21,130.87908,33.51409
40050,田川市,福岡県,54.39,130.79969,33.63163
40051,朝倉郡東峰村,福岡県,52.1,130.84903,33.43728
40052,那珂川市,福岡県,75.08,130.42206,33.46477
40053,糟屋郡粕屋町,福岡県,14.03,130.47452,33.61572
40054,八女市,福岡県,482.24,130.70196,33.19875
40055,IIduka,福岡県,213.92,130.66097,33.61352
40056,田川郡福智町,福岡県,42.1,130.78623,33.70131
40057,豊前市,福岡県,111.29,131.07771,33.56863
40058,柳川市,福岡県,76.84,130.40973,33.14826
40059,Kita Kyushu,福岡県,491.11,130.84646,33.84925
40060,Fukuoka,福岡県,342.5,130.35896,33.56598
41001,三養基郡みやき町,佐賀県,52.75,130.44314,33.32811
41002,伊万里市,佐賀県,255.01,129.88774,33.30183
41003,三養基郡基山町,佐賀県,22.06,130.50949,33.42601
41004,嬉野市,佐賀県,126.67,130.01534,33.09495
41005,Yoshinogari,佐賀県,44.07,130.39643,33.3636
41006,東松浦郡玄海町,佐賀県,35.79,129.8678,33.47698
41007,杵島郡江北町,佐賀県,24.93,130.15741,33.21924
41008,佐賀市,佐賀県,432.58,130.26511,33.32515
41009,鹿島市,佐賀県,115.03,130.09512,33.06042
41010,小城市,佐賀県,95.77,130.19667,33.27909
41011,三養基郡上峰町,佐賀県,11.86,130.42206,33.32661
41012,神埼市,佐賀県,124.15,130.35156,33.34735
41013,多久市,佐賀県,96.41,130.10548,33.27636
41014,Tara,佐賀県,74.15,130.15161,32.9949
41015,杵島郡大町町,佐賀県,11.54,130.11472,33.21772
41016,鳥栖市,佐賀県,71.94,130.49165,33.37874
41017,唐津市,佐賀県,485.19,130.00256,33.4128
41018,杵島郡白石町,佐賀県,100.13,130.14627,33.16464
41019,武雄市,佐賀県,195.68,129.9977,33.20154
41020,Arita,佐賀県,65.64,129.86495,33.19932
42001,Iki,長崎県,135.21,129.71812,33.78617
42002,雲仙市,長崎県,208.0,130.22791,32.78412
42003,Got2,長崎県,413.41,128.74563,32.68405
42004,Saza,長崎県,32.39,129.65642,33.24468
42005,佐世保市,長崎県,419.88,129.71793,33.21042
42006,Togitsu,長崎県,20.7,129.83014,32.83812
42007,Odika,長崎県,20.55,129.0621,33.20103
42008,松浦市,長崎県,127.13,129.7157,33.3325
42009,Shinkami Gotou,長崎県,209.05,129.08436,32.96485
42010,西海市,長崎県,238.01,129.70781,32.99004
42011,東彼杵郡川棚町,長崎県,37.23,129.87012,33.08167
42012,対馬市,長崎県,708.56,129.37061,34.51864
42013,大村市,長崎県,126.85,129.99467,32.94016
42014,長崎市,長崎県,404.01,129.82825,32.78401
42015,西彼杵郡長与町,長崎県,28.59,129.88435,32.8305
42016,島原市,長崎県,82.47,130.32908,32.79433
42017,東彼杵郡東彼杵町,長崎県,74.36,129.95763,33.03404
42018,Minami Shimabara,長崎県,170.07,130.25692,32.67573
42019,東彼杵郡波佐見町,長崎県,56.01,129.89903,33.1324
42020,平戸市,長崎県,232.72,129.46485,33.28447
42021,諫早市,長崎県,328.1,130.06647,32.869
43001,球磨郡あさぎり町,熊本県,159.45,130.91899,32.20883
43002,阿蘇市,熊本県,374.66,131.09457,32.95606
43003,葦北郡芦北町,熊本県,233.83,130.54134,32.29159
43004,宇城市,熊本県,188.27,130.66117,32.62791
43005,宇土市,熊本県,74.53,130.61296,32.68093
43006,上益城郡益城町,熊本県,65.49,130.83394,32.78742
43007,上益城郡嘉島町,熊本県,16.77,130.75552,32.74607
43008,菊池市,熊本県,277.28,130.85517,32.99105
43009,菊池郡菊陽町,熊本県,37.59,130.82401,32.85913
43010,球磨郡球磨村,熊本県,207.7,130.65092,32.26081
43011,玉名郡玉東町,熊本県,24.18,130.62909,32.90185
43012,玉名市,熊本県,152.68,130.56017,32.91553
43013,球磨郡錦町,熊本県,85.11,130.84926,32.18252
43014,球磨郡五木村,熊本県,253.22,130.84008,32.42018
43015,上益城郡御船町,熊本県,99.05,130.85756,32.7308
43016,上益城郡甲佐町,熊本県,58.11,130.81708,32.67196
43017,荒尾市,熊本県,56.97,130.47577,32.97627
43018,阿蘇郡高森町,熊本県,175.15,131.20279,32.84048
43019,Koushi,熊本県,53.04,130.76871,32.89293
43020,球磨郡山江村,熊本県,121.22,130.75673,32.31495
43021,山鹿市,熊本県,299.49,130.72309,33.0559
43022,上益城郡山都町,熊本県,544.86,131.04922,32.69912
43023,阿蘇郡産山村,熊本県,60.28,131.20519,33.01067
43024,Oguni,熊本県,136.97,131.07116,33.14253
43025,上天草市,熊本県,120.1,130.39611,32.45985
43026,人吉市,熊本県,211.01,130.74966,32.16369
43027,Mizukami,熊本県,190.91,131.01714,32.36515
43028,水俣市,熊本県,163.21,130.46232,32.17055
43029,阿蘇郡西原村,熊本県,77.24,130.93136,32.82234
43030,球磨郡相良村,熊本県,94.55,130.8294,32.30276
43031,球磨郡多良木町,熊本県,166.0,130.99249,32.24347
43032,Oodu,熊本県,97.27,130.90514,32.89575
43033,Nagasu,熊本県,19.25,130.46822,32.9287
43034,葦北郡津奈木町,熊本県,34.2,130.46041,32.24147
43035,天草市,熊本県,679.11,130.09987,32.37047
43036,球磨郡湯前町,熊本県,48.37,131.01145,32.27157
43037,阿蘇郡南阿蘇村,熊本県,141.26,131.03719,32.8441
43038,Minami Kan,熊本県,69.02,130.55011,33.03514
43039,阿蘇郡南小国町,熊本県,116.03,131.09048,33.06802
43040,八代市,熊本県,683.66,130.74995,32.4906
43041,下益城郡美里町,熊本県,143.93,130.87163,32.61365
43042,八代郡氷川町,熊本県,33.56,130.67606,32.57505
43043,天草郡苓北町,熊本県,67.2,130.07175,32.48606
43044,玉名郡和水町,熊本県,98.98,130.61418,33.04134
43045,Kumamoto,熊本県,390.99,130.69527,32.80899
44001,宇佐市,大分県,439.24,131.33665,33.45003
44002,臼杵市,大分県,290.83,131.74452,33.07208
44003,杵築市,大分県,279.97,131.5369,33.44725
44004,玖珠郡九重町,大分県,271.47,131.21261,33.19247
44005,玖珠郡玖珠町,大分県,286.95,131.16149,33.30438
44006,国東市,大分県,317.66,131.65069,33.56407
44007,Saiki,大分県,900.73,131.77386,32.88539
44008,大分市,大分県,503.09,131.64017,33.17965
44009,Taketa,大分県,477.77,131.32717,32.99779
44010,中津市,大分県,491.32,131.12651,33.46474
44011,津久見市,大分県,77.26,131.86406,33.06881
44012,Hiji,大分県,73.22,131.52746,33.37626
44013,日田市,大分県,666.44,130.95061,33.24452
44014,Himeshima,大分県,6.79,131.66366,33.72802
44015,別府市,大分県,124.59,131.45291,33.28577
44016,豊後高田市,大分県,206.04,131.50699,33.57571
44017,豊後大野市,大分県,603.59,131.5121,32.97253
44018,Yufu,大分県,320.27,131.38409,33.20859
45001,えびの市,宮崎県,281.31,130.84133,32.04742
45002,東諸県郡綾町,宮崎県,95.27,131.20857,32.03171
45003,延岡市,宮崎県,867.25,131.64239,32.67236
45004,宮崎市,宮崎県,645.97,131.35862,31.89227
45005,串間市,宮崎県,294.76,131.26455,31.48567
45006,Gokase,宮崎県,172.05,131.18987,32.64373
45007,Takaharu,宮崎県,85.91,130.99781,31.92272
45008,西臼杵郡高千穂町,宮崎県,237.67,131.31459,32.74687
45009,児湯郡高鍋町,宮崎県,44.02,131.50264,32.13143
45010,東諸県郡国富町,宮崎県,130.81,131.28769,32.03894
45011,北諸県郡三股町,宮崎県,110.04,131.17701,31.73103
45012,東臼杵郡諸塚村,宮崎県,187.93,131.30618,32.55821
45013,小林市,宮崎県,564.78,131.04084,32.03341
45014,児湯郡新富町,宮崎県,61.57,131.46614,32.08196
45015,西都市,宮崎県,439.35,131.31534,32.17293
45016,児湯郡西米良村,宮崎県,271.51,131.15903,32.22618
45017,児湯郡川南町,宮崎県,90.28,131.50384,32.20924
45018,東臼杵郡椎葉村,宮崎県,537.24,131.14299,32.46172
45019,Miyakonojo,宮崎県,653.33,131.07901,31.80918
45020,児湯郡都農町,宮崎県,102.41,131.50775,32.27842
45021,日向市,宮崎県,336.13,131.52276,32.37707
45022,日南市,宮崎県,536.49,131.33071,31.65054
45023,西臼杵郡日之影町,宮崎県,277.7,131.41364,32.69171
45024,東臼杵郡美郷町,宮崎県,449.22,131.37117,32.44001
45025,Kijo,宮崎県,146.13,131.39798,32.24452
45026,東臼杵郡門川町,宮崎県,120.25,131.59178,32.49148
46001,いちき串木野市,鹿児島県,111.76,130.28894,31.73296
46002,薩摩郡さつま町,鹿児島県,304.12,130.47577,31.93755
46003,阿久根市,鹿児島県,133.3,130.23333,32.01633
46004,姶良市,鹿児島県,231.21,130.59611,31.78112
46005,伊佐市,鹿児島県,392.21,130.60101,32.05838
46006,熊毛郡屋久島町,鹿児島県,540.2,130.52202,30.33923
46007,肝属郡肝付町,鹿児島県,308.35,130.99121,31.26489
46008,肝属郡錦江町,鹿児島県,163.22,130.85815,31.21699
46009,薩摩川内市,鹿児島県,682.07,130.35828,31.83816
46010,鹿児島郡三島村,鹿児島県,31.12,129.9345,30.83062
46011,志布志市,鹿児島県,289.61,131.09217,31.53122
46012,指宿市,鹿児島県,148.44,130.58277,31.23002
46013,Kagoshima,鹿児島県,548.01,130.50625,31.57814
46014,鹿屋市,鹿児島県,448.42,130.86741,31.42667
46015,Toshima,鹿児島県,98.45,129.87122,29.84877
46016,Izumi,鹿児島県,329.89,130.36396,32.06336
46017,Tarumizu,鹿児島県,162.44,130.76317,31.51193
46018,大島郡瀬戸内町,鹿児島県,239.13,129.31693,28.19717
46019,西之表市,鹿児島県,206.18,131.02262,30.70366
46020,曽於市,鹿児島県,390.83,130.97471,31.65611
46021,曽於郡大崎町,鹿児島県,101.16,130.97425,31.46474
46022,大島郡大和村,鹿児島県,89.96,129.35882,28.33002
46023,China,鹿児島県,53.29,128.56556,27.36515
46024,熊毛郡中種子町,鹿児島県,138.05,130.95949,30.53762
46025,出水郡長島町,鹿児島県,114.79,130.15085,32.16396
46026,大島郡天城町,鹿児島県,80.51,128.9226,27.80224
46027,肝属郡東串良町,鹿児島県,27.86,130.98629,31.38366
46028,Tokunoshima,鹿児島県,104.9,128.97359,27.79457
46029,南さつま市,鹿児島県,281.74,130.27905,31.39108
46030,南九州市,鹿児島県,358.23,130.43677,31.34035
46031,熊毛郡南種子町,鹿児島県,110.45,130.90893,30.4124
46032,肝属郡南大隅町,鹿児島県,214.12,130.7737,31.12219
46033,日置市,鹿児島県,253.49,130.38202,31.59928
46034,枕崎市,鹿児島県,74.58,130.31098,31.29024
46035,霧島市,鹿児島県,603.79,130.78159,31.80565
46036,姶良郡湧水町,鹿児島県,144.91,130.72857,31.96888
46037,大島郡与論町,鹿児島県,20.54,128.43083,27.04281
46038,大島郡龍郷町,鹿児島県,82.15,129.58046,28.41027
46039,大島郡和泊町,鹿児島県,40.35,128.6393,27.3999
46040,大島郡伊仙町,鹿児島県,62.87,128.94169,27.70388
46041,奄美市,鹿児島県,304.86,129.45798,28.31745
46042,大島郡宇検村,鹿児島県,103.29,129.27828,28.27059
46043,大島郡喜界町,鹿児島県,56.65,129.97231,28.32283
47001,中頭郡読谷村,沖縄県,35.32,127.74617,26.40005
47002,Kumejima,沖縄県,61.73,126.77324,26.35006
47003,島尻郡伊平屋村,沖縄県,21.85,127.97337,27.05003
47004,島尻郡伊是名村,沖縄県,14.39,127.93677,26.93365
47005,国頭郡国頭村,沖縄県,195.17,128.2546,26.76163
47006,国頭郡大宜味村,沖縄県,63.41,128.13878,26.67144
47007,国頭郡東村,沖縄県,81.92,128.18978,26.64858
47008,名護市,沖縄県,210.77,128.02505,26.58197
47009,国頭郡今帰仁村,沖縄県,39.88,127.96262,26.678
47010,Motobu,沖縄県,53.82,127.91257,26.65953
47011,国頭郡伊江村,沖縄県,22.58,127.78942,26.72171
47012,国頭郡恩納村,沖縄県,50.54,127.85291,26.47585
47013,国頭郡宜野座村,沖縄県,31.26,127.96637,26.49474
47014,Kin,沖縄県,38.08,127.90154,26.4651
47015,うるま市,沖縄県,84.72,127.84945,26.37553
47016,島尻郡粟国村,沖縄県,7.67,127.22928,26.58771
47017,中頭郡嘉手納町,沖縄県,15.19,127.7672,26.3646
47018,Chatan,沖縄県,14.01,127.76435,26.32123
47019,中頭郡北中城村,沖縄県,11.29,127.79705,26.30313
47020,中頭郡中城村,沖縄県,15.19,127.78782,26.26371
47021,中頭郡西原町,沖縄県,15.9,127.75907,26.22994
47022,沖縄市,沖縄県,48.99,127.80667,26.3534
47023,宜野湾市,沖縄県,19.82,127.75592,26.27448
47024,浦添市,沖縄県,19.41,127.7155,26.25126
47025,那覇市,沖縄県,39.93,127.68618,26.21098
47026,島尻郡渡嘉敷村,沖縄県,17.21,127.35646,26.19026
47027,島尻郡座間味村,沖縄県,14.28,127.30726,26.23444
47028,島尻郡渡名喜村,沖縄県,3.48,127.14686,26.36462
47029,豊見城市,沖縄県,19.2,127.68091,26.17489
47030,糸満市,沖縄県,46.6,127.68676,26.11808
47031,島尻郡八重瀬町,沖縄県,27.0,127.72649,26.13846
47032,Haebaru,沖縄県,10.88,127.72862,26.19426
47033,南城市,沖縄県,49.63,127.7754,26.16401
47034,島尻郡与那原町,沖縄県,5.02,127.75729,26.20131
47035,Miyakojima,沖縄県,203.22,125.33312,24.77332
47036,宮古郡多良間村,沖縄県,21.65,124.69915,24.65711
47037,石垣市,沖縄県,223.26,124.20547,24.43306
47038,八重山郡竹富町,沖縄県,332.76,123.8147,24.33602
47039,Yonaguni,沖縄県,28.93,122.98926,24.4553
47040,島尻郡南大東村,沖縄県,30.37,131.24277,25.84324
47041,島尻郡北大東村,沖縄県,13.02,131.30713,25.94459
